-0.488269994371626,1.72629896494385,-0.502438262250959,0.489413276685173,-1.72621928427615,0.502940461002716,211.633809552403,211.633809552403,0.0484848484848485
-0.480924271164697,1.72608328774385,-0.498970528580876,0.489235463075026,-1.7255211392084,0.502624063222635,209.962705531663,209.962705531663,0.096969696969697
-0.463486448013507,1.72547887850423,-0.490726869614507,0.488809506883263,-1.72388918029819,0.501878326265687,207.264138261421,207.264138261421,0.145454545454545
-0.43427812348839,1.72418029748914,-0.476884568655424,0.488083918728646,-1.72123694381474,0.500646960389404,203.608967276127,203.608967276127,0.193939393939394
-0.393511035043556,1.72178555449172,-0.457501102001524,0.487045910745125,-1.71771029255168,0.498968538024476,199.068052110229,199.068052110229,0.242424242424242
-0.342816613834961,1.71789752040694,-0.433310605092348,0.485714248480773,-1.71362169808339,0.49695420790736,193.712252298175,193.712252298175,0.290909090909091
-0.284735120460414,1.71225966449469,-0.405497667740716,0.484133206361827,-1.70936458074211,0.494759215521563,187.612427374413,187.612427374413,0.339393939393939
-0.222273255327618,1.70485647019203,-0.375489506520285,0.482367557392541,-1.70533056287858,0.492553874519068,180.839436873391,180.839436873391,0.387878787878788
-0.158597933190088,1.69594943402775,-0.344801996836531,0.480498622314756,-1.70184409286319,0.490498012226145,173.464140329559,173.464140329559,0.436363636363636
-0.0968600637050134,1.68605815571636,-0.314948234468123,0.478620900242997,-1.69911770997373,0.488720114045053,165.557397277364,165.557397277364,0.484848484848485
-0.0400799836095937,1.67590515990897,-0.287385753930243,0.4768377578366,-1.69722680975945,0.487301218068252,157.190067251255,157.190067251255,0.533333333333333
0.00899728084912911,1.66632971924046,-0.263457325393258,0.475253864224584,-1.69610661769681,0.486265354591185,148.43300978568,148.43300978568,0.581818181818182
0.0481474230403125,1.6581627109369,-0.244280540459392,0.473962519691488,-1.6955791163461,0.485581143797267,139.357084415087,139.357084415087,0.63030303030303
0.0760279800168224,1.65205983826847,-0.230565918868014,0.473028113282429,-1.69541290941684,0.485178255433517,130.033150673925,130.033150673925,0.678787878787879
0.0926069797274376,1.64831688252622,-0.222384400052965,0.472466736452949,-1.69540011080734,0.484974272882064,120.532068096642,120.532068096642,0.727272727272727
0.0995762948272917,1.64671792285611,-0.218938797951959,0.472229487132649,-1.69541437447257,0.484896786655247,110.924696217687,110.924696217687,0.775757575757576
0.100687017685976,1.64646168972106,-0.218389300538655,0.472191607237929,-1.69541773502203,0.484884898385466,101.281894571507,101.281894571507,0.824242424242424
0.101425895165417,1.64832090726634,-0.218946612978004,0.472149076544045,-1.69563921401361,0.485000413809045,91.6745226925518,91.6745226925518,0.872727272727273
0.10600363382007,1.65986166735241,-0.222376402083894,0.471886533158874,-1.69700592280577,0.485708760385111,82.1734401152689,82.1734401152689,0.921212121212121
0.116637187663825,1.68679521037195,-0.230185680662011,0.471283456043917,-1.70013814835799,0.487302496980957,72.849506374107,72.849506374107,0.96969696969697
0.133915482720232,1.73080703095865,-0.242378439535432,0.470326203943073,-1.70506315849456,0.489720955745286,63.7735810035143,63.7735810035143,1.01818181818182
0.157249556934112,1.79031708009741,-0.25779531870599,0.469084971174117,-1.71127290796997,0.492602918175295,55.0165235379392,55.0165235379392,1.06666666666667
0.185516296321842,1.86163726895762,-0.274731412866545,0.46767247846873,-1.71788117756094,0.495426128843578,46.6491935118299,46.6491935118299,1.11515151515152
0.217573124360225,1.9401372887882,-0.29149892852869,0.466204261689074,-1.72383778203894,0.497677331276102,38.742450459635,38.742450459635,1.16363636363636
0.252439386015188,2.02104994324088,-0.306723392682489,0.464776140492251,-1.72814988735856,0.498996997422559,31.3671539158026,31.3671539158026,1.21212121212121
0.289153426079905,2.09983216798056,-0.319404296758857,0.463459669285335,-1.73010033711003,0.499277889441643,24.5941634147812,24.5941634147812,1.26060606060606
0.326428363388177,2.17227902923244,-0.328896124215061,0.46230595191869,-1.72947772238456,0.498708679442049,18.4943384910191,18.4943384910191,1.30909090909091
0.36229598251914,2.23468145867581,-0.334955224125811,0.461348243679722,-1.72675912506901,0.497720664138668,13.1385386789647,13.1385386789647,1.35757575757576
0.394037781989001,2.28418268292861,-0.337887676040627,0.460602763270375,-1.72304294782661,0.496790829007803,8.59762351306639,8.59762351306639,1.40606060606061
0.418727478251765,2.31924164958753,-0.338618114865714,0.460073312458173,-1.71959208367621,0.496191086764597,4.94245252777237,4.94245252777237,1.45454545454545
0.434387070833036,2.34003306169414,-0.338382224677566,0.459754050038579,-1.71725793998351,0.495913580170235,2.24388525753102,2.24388525753102,1.5030303030303
0.441230222033194,2.34878650204386,-0.338109009285815,0.459617511139556,-1.71621964855864,0.495823304015192,0.572781236790797,0.572781236790797,1.55151515151515
0.442340258081279,2.35018793476507,-0.338054942649146,0.459595503153291,-1.71605065553559,0.495810575057325,0,0,1.6
0.442320459740018,2.35018996592667,-0.338068963858523,0.459579984127127,-1.71604843661425,0.495803952793622,0.572781236790823,0.572781236790823,1.64848484848485
0.442184328530222,2.35020392102849,-0.338165370169401,0.459473271345181,-1.7160331735025,0.495758417922343,2.24388525753106,2.24388525753106,1.6969696969697
0.441822399390117,2.35024093021008,-0.338421666754475,0.459189508161349,-1.71599254237556,0.495637347548051,4.94245252777235,4.94245252777235,1.74545454545455
0.441133028220829,2.35031104806148,-0.338909770420248,0.458648826651584,-1.71591494491904,0.495406711935822,8.59762351306637,8.59762351306637,1.79393939393939
0.440022899987114,2.35042292970116,-0.339695599885056,0.457777604172068,-1.71578941537103,0.495035221907496,13.1385386789647,13.1385386789647,1.84242424242424
0.43840764409656,2.35058343831703,-0.340838578161952,0.456508772475438,-1.71560550870663,0.494494507741722,18.4943384910191,18.4943384910191,1.89090909090909
0.436212499256347,2.35079722087746,-0.342391092142499,0.454782148446591,-1.71535318138752,0.493759313238175,24.5941634147812,24.5941634147812,1.93939393939394
0.433372970858348,2.35106628817798,-0.344397953459322,0.45254475557346,-1.7150226761484,0.492807688969134,31.3671539158026,31.3671539158026,1.98787878787879
0.429835426699804,2.35138963369408,-0.346895902429732,0.449751106615513,-1.71460442185699,0.491621169601906,38.7424504596349,38.7424504596349,2.03636363636364
0.425557582070906,2.35176292251112,-0.349913192974719,0.446363420951999,-1.71408895841896,0.490184921679053,46.6491935118299,46.6491935118299,2.08484848484848
0.42050883308598,2.35217827679296,-0.353469290760335,0.442351754882285,-1.71346689496318,0.48848785042873,55.0165235379391,55.0165235379391,2.13333333333333
0.414670407310802,2.35262417798995,-0.357574709605282,0.437694029505885,-1.71272890720458,0.486522656965674,63.7735810035143,63.7735810035143,2.18181818181818
0.408035312549004,2.35308549867218,-0.362231002887182,0.432375948243521,-1.71186577711593,0.4842858404478,72.849506374107,72.849506374107,2.23030303030303
0.400608077110885,2.35354366908028,-0.367430917896324,0.426390803885106,-1.71086847509183,0.481777643108782,82.173440115269,82.173440115269,2.27878787878788
0.392404286900299,2.35397697586336,-0.373158712540263,0.419739182497005,-1.70972828193734,0.479001939296557,91.6745226925518,91.6745226925518,2.32727272727273
0.383449935202872,2.35436098363474,-0.379390626154624,0.412428577874035,-1.70843694552021,0.475966072433793,101.281894571507,101.281894571507,2.37575757575758
0.373780609374774,2.35466906439975,-0.386095489924045,0.404472934938247,-1.70698686499253,0.472680645967368,110.924696217687,110.924696217687,2.42424242424242
0.363440544304731,2.35487301587625,-0.393235457833463,0.395892143271407,-1.70537129422864,0.469159275773816,120.532068096642,120.532068096642,2.47272727272727
0.352481575520784,2.35494374730273,-0.400766836183304,0.386711502795724,-1.70358455556345,0.4654183121252,130.033150673925,130.033150673925,2.52121212121212
0.340962025431971,2.35485201038646,-0.408640988335326,0.376961182699505,-1.7016222549853,0.461476539277477,139.357084415087,139.357084415087,2.56969696969697
0.328945554947075,2.35456915332781,-0.416805291195678,0.366675692421661,-1.69948149052,0.457354860171027,148.433009785679,148.433009785679,2.61818181818182
0.31650001020337,2.35406787704768,-0.425204120622373,0.355893380325433,-1.6971610464889,0.45307597281526,157.190067251255,157.190067251255,2.66666666666667
0.303696290947841,2.35332297452555,-0.433779844123372,0.344655972073917,-1.69466156748404,0.448664043853736,165.557397277364,165.557397277364,2.71515151515152
0.290607263710368,2.35231203626134,-0.442473800624174,0.333008157075373,-1.69198570715143,0.444144383738065,173.464140329559,173.464140329559,2.76363636363636
0.277306739607462,2.35101610711475,-0.451227248568725,0.320997228005874,-1.68913824811486,0.439543127005048,180.839436873391,180.839436873391,2.81212121212121
0.263868533571803,2.34942028204218,-0.459982265115295,0.308672775542993,-1.6861261905515,0.434886920434175,187.612427374413,187.612427374413,2.86060606060606
0.250365619041292,2.34751423050023,-0.468682580719804,0.2960864381573,-1.68295880802041,0.430202621400595,193.712252298175,193.712252298175,2.90909090909091
0.236869389597885,2.34529264151516,-0.477274335028667,0.283291705125543,-1.67964767014623,0.425517008533771,199.068052110229,199.068052110229,2.95757575757576
0.223449036619814,2.34275558364504,-0.48570674180547,0.270343769807852,-1.67620663268383,0.420856506818193,203.608967276127,203.608967276127,3.00606060606061
0.210171049605408,2.33990877629552,-0.493932652640967,0.257299429592351,-1.67265179635331,0.41624692948602,207.264138261421,207.264138261421,3.05454545454545
0.197098843386174,2.33676377107674,-0.501909011447691,0.244217028659539,-1.66900143665171,0.411713239399789,209.962705531663,209.962705531663,3.1030303030303
0.184292513970548,2.33333804406693,-0.509597194166501,0.231156439760524,-1.66527590762547,0.407279333053463,211.633809552403,211.633809552403,3.15151515151515
0.171808722306631,2.32965500190511,-0.516963230605884,0.218179081452692,-1.66149752332459,0.402967850784407,212.206590789194,212.206590789194,3.2
0.159689575785922,2.32574015410613,-0.52398429280136,0.205336061356396,-1.65768685689853,0.3987961945619,212.206590789194,212.206590789194,3.24848484848485
0.147930706981647,2.3216076552436,-0.530666085185071,0.192632138966085,-1.65385129896724,0.394765532270165,212.206590789194,212.206590789194,3.2969696969697
0.1365170628993,2.31726788765236,-0.537020597705039,0.180060775611815,-1.64999462633902,0.390873244199912,212.206590789194,212.206590789194,3.34545454545455
0.125434316042724,2.31273072841696,-0.54305931237187,0.167615895993221,-1.64612042595799,0.387116870522621,212.206590789194,212.206590789194,3.39393939393939
0.114668809094282,2.3080055843217,-0.548793235174688,0.1552918415695,-1.642232110706,0.383494093016793,212.206590789194,212.206590789194,3.44242424242424
0.104207506793108,2.30310142265615,-0.554232923777984,0.143083329902829,-1.63833293324168,0.380002719189838,212.206590789194,212.206590789194,3.49090909090909
0.0940379537768901,2.29802679857633,-0.559388511788667,0.13098541906761,-1.63442599818471,0.376640668439311,212.206590789194,212.206590789194,3.53939393939394
0.0841482373824476,2.29278987959038,-0.564269730229516,0.118993476389331,-1.63051427289853,0.373405959956446,212.206590789194,212.206590789194,3.58787878787879
0.0745269545853807,2.28739846763178,-0.568885926732138,0.1071031508992,-1.62660059708005,0.370296702123082,212.206590789194,212.206590789194,3.63636363636364
0.0651631824086487,2.28186001909789,-0.573246082862978,0.0953103489900856,-1.62268769132896,0.367311083192464,212.206590789194,212.206590789194,3.68484848484849
0.0560464512511601,2.27618166316241,-0.577358829915643,0.0836112128405591,-1.61877816484005,0.364447363076802,212.206590789194,212.206590789194,3.73333333333333
0.0471667206860732,2.27037021861427,-0.58123246343758,0.0720021012406144,-1.61487452233801,0.36170386609128,212.206590789194,212.206590789194,3.78181818181818
0.0385143573588635,2.26443220942998,-0.584874956706444,0.0604795725078138,-1.61097917035487,0.359078974526546,212.206590789194,212.206590789194,3.83030303030303
0.0300801146808043,2.25837387924912,-0.588293973328692,0.0490403692284197,-1.60709442293381,0.35657112294033,212.206590789194,212.206590789194,3.87878787878788
0.0218551140671671,2.25220120489275,-0.591496879098353,0.0376814045962951,-1.60322250683022,0.354178793074584,212.206590789194,212.206590789194,3.92727272727273
0.0138308275133084,2.24591990903974,-0.594490753225907,0.0263997501543725,-1.59936556626984,0.351900509317685,212.206590789194,212.206590789194,3.97575757575758
0.00599906133776397,2.23953547215591,-0.597282399024644,0.0151926247704379,-1.59552566731459,0.349734834642522,212.206590789194,212.206590789194,4.02424242424242
-0.00164805904911984,2.23305314375488,-0.599878354123734,0.0040573847017456,-1.59170480187953,0.347680366960755,212.206590789194,212.206590789194,4.07272727272727
-0.00911810346835033,2.22647795305576,-0.602284900262618,-0.00700848537771811,-1.5879048914378,0.345735735841705,212.206590789194,212.206590789194,4.12121212121212
-0.0164183504848852,2.21981471909255,-0.604508072709776,-0.0180073804970762,-1.5841277904454,0.343899599551238,212.206590789194,212.206590789194,4.16969696969697
-0.023555800191101,2.21306806032093,-0.606553669339646,-0.0289415827512254,-1.58037528951317,0.342170642372018,212.206590789194,212.206590789194,4.21818181818182
-0.0305371863293777,2.20624240376123,-0.608427259394228,-0.0398132679900264,-1.57664911834979,0.34054757217158,212.206590789194,212.206590789194,4.26666666666667
-0.0373689878112154,2.1993419937106,-0.610134191950138,-0.0506245119073941,-1.57295094849637,0.33902911818914,212.206590789194,212.206590789194,4.31515151515152
-0.044057439681478,2.19237090005248,-0.611679604107529,-0.0613772955947515,-1.56928239587092,0.337614029015822,212.206590789194,212.206590789194,4.36363636363636
-0.0506085435691291,2.1853330261881,-0.613068428913792,-0.072073510615634,-1.56564502313828,0.336301070746339,212.206590789194,212.206590789194,4.41212121212121
-0.0570280776599409,2.17823211661131,-0.614305403032439,-0.0827149636515505,-1.56204034191996,0.33508902528297,212.206590789194,212.206590789194,4.46060606060606
-0.0633216062218355,2.1710717641457,-0.615395074165585,-0.0933033807634301,-1.55846981485599,0.333976688775198,212.206590789194,212.206590789194,4.50909090909091
-0.0694944887096046,2.16385541686102,-0.616341808237045,-0.103840411307929,-1.55493485753018,0.332962870180498,212.206590789194,212.206590789194,4.55757575757576
-0.075551888472534,2.15658638468409,-0.617149796342054,-0.114327631543494,-1.55143684026867,0.332046389933659,212.206590789194,212.206590789194,4.60606060606061
-0.0814987810858366,2.14926784571831,-0.617823061468912,-0.124766547957217,-1.54797708982067,0.331226078713647,212.206590789194,212.206590789194,4.65454545454545
-0.0873399623246522,2.14190285228458,-0.618365464997369,-0.135158600340134,-1.54455689092983,0.330500776298435,212.206590789194,212.206590789194,4.7030303030303
-0.0930800557976059,2.13449433669557,-0.618780712978353,-0.145505164635699,-1.54117748780336,0.329869330499463,212.206590789194,212.206590789194,4.75151515151515
-0.0987235202554494,2.12704511677467,-0.61907236219941,-0.155807555583518,-1.53784008548582,0.329330596168489,212.206590789194,212.206590789194,4.8
-0.104274656589122,2.11955790113013,-0.619243826040275,-0.166067029178143,-1.5345458511439,0.328883434270504,212.206590789194,212.206590789194,4.84848484848485
-0.109737614530533,2.1120352941945,-0.619298380122921,-0.176284784960726,-1.53129591526773,0.328526711017242,212.206590789194,212.206590789194,4.8969696969697
-0.115116399068551,2.10447980103897,-0.61923916776056,-0.18646196815948,-1.5280913727942,0.328259297056493,212.206590789194,212.206590789194,4.94545454545455
-0.120414876591926,2.09689383197184,-0.619069205210135,-0.196599671693372,-1.52493328415722,0.328080066713107,212.206590789194,212.206590789194,4.99393939393939
-0.125636780770284,2.08927970692978,-0.618791386732924,-0.206698938051995,-1.52182267626943,0.327987897278058,212.206590789194,212.206590789194,5.04242424242424
-0.130785718183769,2.08163965967063,-0.618408489468023,-0.216760761063354,-1.5187605434398,0.327981668342475,212.206590789194,212.206590789194,5.09090909090909
-0.135865173711461,2.07397584177572,-0.617923178123523,-0.226786087560156,-1.51574784823099,0.328060261173923,212.206590789194,212.206590789194,5.13939393939394
-0.140878515688222,2.06629032646973,-0.617338009490313,-0.236775818954198,-1.5127855222605,0.328222558132586,212.206590789194,212.206590789194,5.18787878787879
-0.145829000839286,2.05858511226569,-0.616655436783489,-0.246730812727556,-1.50987446694893,0.32846744212533,212.206590789194,212.206590789194,5.23636363636364
-0.150719779001527,2.05086212644244,-0.615877813816435,-0.25665188384847,-1.50701555421902,0.328793796095882,212.206590789194,212.206590789194,5.28484848484849
-0.155553897640008,2.04312322836188,-0.615007399012631,-0.26653980611909,-1.50420962714832,0.329200502549594,212.206590789194,212.206590789194,5.33333333333333
-0.160334306168103,2.03537021263253,-0.614046359260299,-0.27639531346162,-1.50145750057893,0.329686443111487,212.206590789194,212.206590789194,5.38181818181818
-0.165063860079204,2.02760481212646,-0.612996773614982,-0.286219101148784,-1.4987599616868,0.330250498116404,212.206590789194,212.206590789194,5.43030303030303
-0.169745324897699,2.01982870085569,-0.61186063685513,-0.296011826984031,-1.49611777051367,0.330891546230292,212.206590789194,212.206590789194,5.47878787878788
-0.174381379956698,2.01204349671441,-0.610639862895752,-0.305774112436397,-1.49353166046395,0.331608464101729,212.206590789194,212.206590789194,5.52727272727273
-0.178974622009651,2.00425076409293,-0.60933628806511,-0.315506543734531,-1.49100233876932,0.332400126042928,212.206590789194,212.206590789194,5.57575757575758
-0.183527568682792,1.9964520163691,-0.607951674249408,-0.325209672923958,-1.48853048692316,0.333265403739541,212.206590789194,212.206590789194,5.62424242424242
-0.188042661775088,1.9886487182828,-0.606487711910339,-0.334884018891329,-1.48611676108727,0.334203165988661,212.206590789194,212.206590789194,5.67272727272727
-0.192522270412099,1.98084228819876,-0.604946022980244,-0.344530068359059,-1.48376179247294,0.335212278464456,212.206590789194,212.206590789194,5.72121212121212
-0.196968694059954,1.97303410026283,-0.603328163639601,-0.354148276853441,-1.48146618769841,0.336291603510965,212.206590789194,212.206590789194,5.76969696969697
-0.201384165405401,1.96522548645668,-0.601635626981397,-0.363739069649066,-1.4792305291248,0.337439999961553,212.206590789194,212.206590789194,5.81818181818182
-0.205770853107649,1.95741773855562,-0.599869845566873,-0.373302842692118,-1.47705537517232,0.338656322984622,212.206590789194,212.206590789194,5.86666666666667
-0.210130864427538,1.94961210999406,-0.598032193877006,-0.382839963504852,-1.4749412606185,0.339939423955116,212.206590789194,212.206590789194,5.91515151515152
-0.214466247739314,1.94180981764301,-0.596123990663952,-0.392350772073393,-1.47288869688035,0.341288150351448,212.206590789194,212.206590789194,5.96363636363636
-0.218778994930104,1.93401204350376,-0.594146501206605,-0.401835581720736,-1.47089817228189,0.342701345677396,212.206590789194,212.206590789194,6.01212121212121
-0.22307104369199,1.92621993632177,-0.592100939474242,-0.411294679966681,-1.46897015230873,0.344177849408593,212.206590789194,212.206590789194,6.06060606060606
-0.227344279711352,1.91843461312456,-0.589988470202154,-0.420728329376239,-1.46710507985119,0.34571649696315,212.206590789194,212.206590789194,6.10909090909091
-0.231600538759988,1.91065716068729,-0.587810210882997,-0.430136768397897,-1.46530337543734,0.347316119696004,212.206590789194,212.206590789194,6.15757575757576
-0.235841608692324,1.90288863692962,-0.585567233677505,-0.439520212192954,-1.46356543745735,0.348975544916526,212.206590789194,212.206590789194,6.20606060606061
-0.240069231352846,1.89513007224703,-0.583260567248058,-0.448878853457027,-1.4618916423805,0.350693595928906,212.206590789194,212.206590789194,6.25454545454545
-0.244285104397704,1.88738247078003,-0.58089119851849,-0.458212863234677,-1.46028234496593,0.352469092094834,212.206590789194,212.206590789194,6.3030303030303
-0.248490883034294,1.87964681162413,-0.578460074363391,-0.467522391727965,-1.45873787846843,0.354300848917936,212.206590789194,212.206590789194,6.35151515151515
-0.252688181682433,1.87192404998372,-0.575968103230046,-0.476807569099674,-1.45725855484033,0.356187678149423,212.206590789194,212.206590789194,6.4
-0.256878575560605,1.86421511827243,-0.573416156696026,-0.486068506271773,-1.45584466493051,0.358128387914365,212.206590789194,212.206590789194,6.44848484848485
-0.261063602200598,1.85652092716287,-0.570805070965347,-0.495305295719632,-1.45449647868151,0.360121782857975,212.206590789194,212.206590789194,6.4969696969697
-0.265244762893709,1.84884236658819,-0.568135648305984,-0.504518012262385,-1.45321424532574,0.362166664311274,212.206590789194,212.206590789194,6.54545454545455
-0.269423524071551,1.84118030669794,-0.565408658431421,-0.513706713849748,-1.4519981935815,0.36426183047544,212.206590789194,212.206590789194,6.59393939393939
-0.273601318624367,1.83353559877051,-0.562624839828826,-0.522871442345529,-1.45084853184982,0.366406076624141,212.206590789194,212.206590789194,6.64242424242424
-0.27777954715962,1.82590907608452,-0.559784901036324,-0.532012224307957,-1.44976544841266,0.368598195323124,212.206590789194,212.206590789194,6.69090909090909
-0.281959579203509,1.81830155475117,-0.556889521871731,-0.541129071766927,-1.44874911163334,0.370836976666265,212.206590789194,212.206590789194,6.73939393939394
-0.286142754347945,1.81071383450953,-0.553939354615047,-0.550221982998149,-1.4477996701597,0.373121208527309,212.206590789194,212.206590789194,6.78787878787879
-0.290330383345392,1.80314669948692,-0.550935025146883,-0.55929094329415,-1.44691725313077,0.375449676826436,212.206590789194,212.206590789194,6.83636363636364
-0.294523749153898,1.79560091892598,-0.54787713404491,-0.568335925732019,-1.44610197038719,0.377821165810828,212.206590789194,212.206590789194,6.88484848484848
-0.298724107934493,1.78807724788037,-0.544766257640351,-0.577356891937714,-1.44535391268619,0.380234458348323,212.206590789194,212.206590789194,6.93333333333333
-0.302932690003079,1.78057642788071,-0.541602949036439,-0.586353792846727,-1.44467315192129,0.382688336233267,212.206590789194,212.206590789194,6.98181818181818
-0.307150700738804,1.77309918757233,-0.538387739090672,-0.595326569460834,-1.44405974134735,0.385181580503629,212.206590789194,212.206590789194,7.03030303030303
-0.311379321450837,1.76564624332642,-0.535121137362644,-0.604275153600645,-1.443513715811,0.387712971768407,212.206590789194,212.206590789194,7.07878787878788
-0.315619710205369,1.75821829982605,-0.531803633029136,-0.613199468653595,-1.4430350919871,0.390281290544387,212.206590789194,212.206590789194,7.12727272727273
-0.319873002614586,1.7508160506283,-0.528435695768091,-0.622099430317042,-1.44262386862112,0.392885317601241,212.206590789194,212.206590789194,7.17575757575758
-0.32414031258927,1.74344017870404,-0.525017776613016,-0.630974947336043,-1.44228002677789,0.395523834313966,212.206590789194,212.206590789194,7.22424242424242
-0.328422733056622,1.7360913569564,-0.521550308779306,-0.639825922235423,-1.44200353009672,0.398195623021675,212.206590789194,212.206590789194,7.27272727272727
-0.332721336644811,1.7287702487193,-0.518033708463899,-0.648652252045692,-1.44179432505309,0.400899467391689,212.206590789194,212.206590789194,7.32121212121212
-0.337037176335694,1.72147750823706,-0.514468375619639,-0.657453829022357,-1.44165234122692,0.403634152787924,212.206590789194,212.206590789194,7.36969696969697
-0.341371286087093,1.71421378112625,-0.510854694705625,-0.666230541358182,-1.4415774915774,0.406398466642544,212.206590789194,212.206590789194,7.41818181818182
-0.34572468142593,1.70697970482073,-0.507193035414813,-0.67498227388793,-1.44156967272454,0.409191198829842,212.206590789194,212.206590789194,7.46666666666667
-0.350098360013483,1.699775909001,-0.503483753380058,-0.683708908785108,-1.44162876523719,0.412011142041324,212.206590789194,212.206590789194,7.51515151515152
-0.35449330218395,1.69260301600857,-0.499727190859723,-0.692410326250272,-1.44175463392755,0.414857092160995,212.206590789194,212.206590789194,7.56363636363636
-0.35891047145748,1.6854616412465,-0.495923677403971,-0.701086405190395,-1.44194712815201,0.417727848639802,212.206590789194,212.206590789194,7.61212121212121
-0.363350815028745,1.67835239356671,-0.492073530502761,-0.709737023888883,-1.44220608211827,0.420622214868254,212.206590789194,212.206590789194,7.66060606060606
-0.367815264232101,1.67127587564502,-0.488177056216557,-0.718362060665758,-1.44253131519836,0.423538998546232,212.206590789194,212.206590789194,7.70909090909091
-0.374019812238432,1.66151418744127,-0.482693961622614,-0.729337667498977,-1.44246555872128,0.42765576514516,211.633809552403,211.633809552403,7.75757575757576
-0.378700331060032,1.65398054869721,-0.478369948837267,-0.732634966608463,-1.43902863166964,0.43105502033981,209.962705531663,209.962705531663,7.80606060606061
-0.383617114685015,1.64576216606199,-0.473560271898741,-0.72869347247801,-1.43016898275153,0.434955590452516,207.264138261421,207.264138261421,7.85454545454545
-0.388801722065746,1.63678606205724,-0.468198580968767,-0.716320558996444,-1.41476753347721,0.43913341118804,203.608967276127,203.608967276127,7.9030303030303
-0.394245139056323,1.62715233930001,-0.462317355205057,-0.69561823832992,-1.3926195266397,0.44303284123484,199.068052110229,199.068052110229,7.95151515151515
-0.399905268566715,1.61709103917524,-0.456031180918452,-0.667592888789378,-1.36426821326144,0.445901376369949,193.712252298175,193.712252298175,8
-0.405714335042043,1.60690670222207,-0.449512391227491,-0.633767628426338,-1.33083383227995,0.446987475114893,187.612427374413,187.612427374413,8.04848484848485
-0.411585637709384,1.5969232852454,-0.442963671335661,-0.595903836504794,-1.293853633808,0.445729395744696,180.839436873391,180.839436873391,8.0969696969697
-0.41741886940735,1.58743806192005,-0.436591312751099,-0.555882843300501,-1.25514982140307,0.441897784729488,173.464140329559,173.464140329559,8.14545454545454
-0.423104040968527,1.57868699534385,-0.430580539140186,-0.515721223529013,-1.2167244233354,0.435688560949451,165.557397277364,165.557397277364,8.19393939393939
-0.428525502341875,1.57082131061314,-0.425073465281905,-0.477630192739275,-1.18065334541204,0.427763954914444,157.190067251255,157.190067251255,8.24242424242424
-0.433568656089159,1.56389715841289,-0.420152434434009,-0.44399360147941,-1.14893697932266,0.41921272802213,148.43300978568,148.43300978568,8.29090909090909
-0.438131739842459,1.55788332081975,-0.415834864400778,-0.417143070588101,-1.12327657128564,0.411379120099935,139.357084415087,139.357084415087,8.33939393939394
-0.442142989332096,1.55268874216453,-0.41208476298597,-0.398879459822645,-1.10478119144476,0.405536805401795,130.033150673925,130.033150673925,8.38787878787879
-0.445580215849524,1.54819957329296,-0.408836561750992,-0.389829031200348,-1.09364770420134,0.402472619280811,120.532068096642,120.532068096642,8.43636363636364
-0.448487583761044,1.54430323803208,-0.406014356140147,-0.388850998216196,-1.08886956635203,0.402137490931508,110.924696217687,110.924696217687,8.48484848484848
-0.450985738612859,1.54088019084823,-0.40352861526286,-0.392696831131585,-1.08801003148057,0.403511864816116,101.281894571507,101.281894571507,8.53333333333333
-0.453255456034505,1.53818116371984,-0.401541973299059,-0.39473149468539,-1.08899057595459,0.404444301924595,91.6745226925518,91.6745226925518,8.58181818181818
-0.455424566180472,1.53776884071113,-0.401138751598687,-0.384005416846355,-1.09562623809688,0.401912690027666,82.1734401152689,82.1734401152689,8.63030303030303
-0.457545285614412,1.54087010498041,-0.403138443129004,-0.353446278419054,-1.11166733161596,0.394550219337846,72.849506374107,72.849506374107,8.67878787878788
-0.459617130539619,1.54802362059897,-0.40779160425522,-0.301434983390516,-1.13934412470914,0.383480082856869,63.7735810035143,63.7735810035143,8.72727272727273
-0.461611292434736,1.55919021162305,-0.414861675053914,-0.230639284503163,-1.1795519272946,0.371839736208426,55.0165235379392,55.0165235379392,8.77575757575758
-0.463500268452677,1.57385802956645,-0.423767948322015,-0.146070835983661,-1.23175035983932,0.363481517862172,46.6491935118299,46.6491935118299,8.82424242424242
-0.465279118214694,1.59116153869721,-0.433762170236194,-0.0532090499398768,-1.29394792201954,0.361593345576727,38.742450459635,38.742450459635,8.87272727272727
-0.466966611373935,1.6099960370954,-0.44408942918637,0.0430471705604118,-1.3629281717231,0.367856968288123,31.3671539158026,31.3671539158026,8.92121212121212
-0.468585979563948,1.62910736588767,-0.454099637591938,0.138467327634478,-1.43459639181483,0.382199469269038,24.5941634147812,24.5941634147812,8.96969696969697
-0.470135832826153,1.64718498739769,-0.463303094015322,0.229018085907092,-1.5043349293536,0.402880839485308,18.4943384910191,18.4943384910191,9.01818181818182
-0.471568331090308,1.6630142204311,-0.471362974675429,0.310407994818991,-1.56742483527606,0.426793297735771,13.1385386789647,13.1385386789647,9.06666666666667
-0.472793362449033,1.67567751079885,-0.478016739455877,0.378144033928643,-1.61962801736091,0.450072302450184,8.59762351306639,8.59762351306639,9.11515151515152
-0.473715222457825,1.68469732538051,-0.482997794362972,0.428344318971301,-1.65790303446016,0.469055518944356,4.94245252777237,4.94245252777237,9.16363636363636
-0.474282828832397,1.69007742073067,-0.486109959589308,0.459176962613938,-1.68117899849717,0.481368184118137,2.24388525753102,2.24388525753102,9.21212121212121
-0.474525383812288,1.69235405143177,-0.487465114000443,0.472426774336286,-1.6911198172504,0.486801039064912,0.572781236790797,0.572781236790797,9.26060606060606
-0.474564191894368,1.69271963648567,-0.487685004225407,0.474564191894369,-1.69271963648567,0.487685004225406,0,0,9.30909090909091
-0.474564191894368,1.69271963648567,-0.487685004225407,0.474564191894369,-1.69271963648567,0.487685004225406,0.572781236790823,0.572781236790823,9.35757575757576
-0.474564191894368,1.69271963648567,-0.487685004225407,0.474564191894369,-1.69271963648567,0.487685004225406,2.24388525753106,2.24388525753106,9.40606060606061
-0.474564191894368,1.69271963648567,-0.487685004225407,0.474564191894369,-1.69271963648567,0.487685004225406,4.94245252777235,4.94245252777235,9.45454545454546
-0.474564191894368,1.69271963648567,-0.487685004225407,0.474564191894369,-1.69271963648567,0.487685004225406,8.59762351306637,8.59762351306637,9.5030303030303
-0.474564191894368,1.69271963648567,-0.487685004225407,0.474564191894369,-1.69271963648567,0.487685004225406,13.1385386789647,13.1385386789647,9.55151515151515
-0.474564191894368,1.69271963648567,-0.487685004225407,0.474564191894369,-1.69271963648567,0.487685004225406,18.4943384910191,18.4943384910191,9.6
-0.474564191894368,1.69271963648567,-0.487685004225407,0.474564191894369,-1.69271963648567,0.487685004225406,24.5941634147812,24.5941634147812,9.64848484848485
-0.474564191894368,1.69271963648567,-0.487685004225407,0.474564191894369,-1.69271963648567,0.487685004225406,31.3671539158026,31.3671539158026,9.6969696969697
-0.474564191894368,1.69271963648567,-0.487685004225407,0.474564191894369,-1.69271963648567,0.487685004225406,38.7424504596349,38.7424504596349,9.74545454545455
-0.474564191894368,1.69271963648567,-0.487685004225407,0.474564191894369,-1.69271963648567,0.487685004225406,46.6491935118299,46.6491935118299,9.79393939393939
-0.474564191894368,1.69271963648567,-0.487685004225407,0.474564191894369,-1.69271963648567,0.487685004225406,55.0165235379391,55.0165235379391,9.84242424242424
-0.474564191894368,1.69271963648567,-0.487685004225407,0.474564191894369,-1.69271963648567,0.487685004225406,63.7735810035143,63.7735810035143,9.89090909090909
-0.474564191894368,1.69271963648567,-0.487685004225407,0.474564191894369,-1.69271963648567,0.487685004225406,72.849506374107,72.849506374107,9.93939393939394
-0.474564191894368,1.69271963648567,-0.487685004225407,0.474564191894369,-1.69271963648567,0.487685004225406,82.173440115269,82.173440115269,9.98787878787879
-0.474564191894368,1.69271963648567,-0.487685004225407,0.474564191894369,-1.69271963648567,0.487685004225406,91.6745226925518,91.6745226925518,10.0363636363636
-0.474564191894368,1.69271963648567,-0.487685004225407,0.474564191894369,-1.69271963648567,0.487685004225406,101.281894571507,101.281894571507,10.0848484848485
-0.474564191894368,1.69271963648567,-0.487685004225407,0.474564191894369,-1.69271963648567,0.487685004225406,110.924696217687,110.924696217687,10.1333333333333
-0.474564191894368,1.69271963648567,-0.487685004225407,0.474564191894369,-1.69271963648567,0.487685004225406,120.532068096642,120.532068096642,10.1818181818182
-0.474564191894368,1.69271963648567,-0.487685004225407,0.474564191894369,-1.69271963648567,0.487685004225406,130.033150673925,130.033150673925,10.230303030303
-0.474564191894368,1.69271963648567,-0.487685004225407,0.474564191894369,-1.69271963648567,0.487685004225406,139.357084415087,139.357084415087,10.2787878787879
-0.474564191894368,1.69271963648567,-0.487685004225407,0.474564191894369,-1.69271963648567,0.487685004225406,148.433009785679,148.433009785679,10.3272727272727
-0.474564191894368,1.69271963648567,-0.487685004225407,0.474564191894369,-1.69271963648567,0.487685004225406,157.190067251255,157.190067251255,10.3757575757576
-0.474564191894368,1.69271963648567,-0.487685004225407,0.474564191894369,-1.69271963648567,0.487685004225406,165.557397277364,165.557397277364,10.4242424242424
-0.474564191894368,1.69271963648567,-0.487685004225407,0.474564191894369,-1.69271963648567,0.487685004225406,173.464140329559,173.464140329559,10.4727272727273
-0.474564191894368,1.69271963648567,-0.487685004225407,0.474564191894369,-1.69271963648567,0.487685004225406,180.839436873391,180.839436873391,10.5212121212121
-0.474564191894368,1.69271963648567,-0.487685004225407,0.474564191894369,-1.69271963648567,0.487685004225406,187.612427374413,187.612427374413,10.569696969697
-0.474564191894368,1.69271963648567,-0.487685004225407,0.474564191894369,-1.69271963648567,0.487685004225406,193.712252298175,193.712252298175,10.6181818181818
-0.474564191894368,1.69271963648567,-0.487685004225407,0.474564191894369,-1.69271963648567,0.487685004225406,199.068052110229,199.068052110229,10.6666666666667
-0.474564191894368,1.69271963648567,-0.487685004225407,0.474564191894369,-1.69271963648567,0.487685004225406,203.608967276127,203.608967276127,10.7151515151515
-0.474564191894368,1.69271963648567,-0.487685004225407,0.474564191894369,-1.69271963648567,0.487685004225406,207.264138261421,207.264138261421,10.7636363636364
-0.474564191894368,1.69271963648567,-0.487685004225407,0.474564191894369,-1.69271963648567,0.487685004225406,209.962705531663,209.962705531663,10.8121212121212
-0.474564191894368,1.69271963648567,-0.487685004225407,0.474564191894369,-1.69271963648567,0.487685004225406,211.633809552403,211.633809552403,10.8606060606061
-0.474564191894368,1.69271963648567,-0.487685004225407,0.474564191894369,-1.69271963648567,0.487685004225406,212.206590789194,212.206590789194,10.9090909090909
