2023/09/05/16:55:15.612,16.086143601101927,57.02640567030899,271,271,0,0.0,0,0.0,0.0,0,0,0,0
2023/09/05/16:55:16.002,11.385262066014903,5.0260787442444155,48,39,0,0.13166666666666665,0,6609.6900000000005,6609.6900000000005,0,0,0,0
2023/09/05/16:55:16.415,12.323784425041461,23.584932357261483,54,66,0,0.26066666666666666,0,6556.889999999999,6535.2,0.0,0,0,0
2023/09/05/16:55:16.830,11.307231424377889,5.620425901643216,48,42,0,0.385,0,6474.8099999999995,6518.040000000001,2524.567901234568,0,0,0
2023/09/05/16:55:17.237,11.46328728817772,5.805879506190071,271,271,0,0.385,0,6324.089999999999,6360.959999999999,1809246.5294924558,0,0,0
2023/09/05/16:55:17.641,11.421926986184275,5.84264651440166,271,271,0,0.385,0,10651.960000000003,10705.09,1809246.5294924558,0,0,0
2023/09/05/16:55:18.044,11.321758866411205,4.6103609244334685,51,39,0,0.5115,0,13511.009999999998,13580.4,1809246.5294924558,0,0,0
2023/09/05/16:55:18.436,12.966595452538995,31.416758641714853,33,54,0,0.5906666666666667,0,12762.840000000002,12968.49,1422320.0925925928,0,0,0
2023/09/05/16:55:18.835,11.434443199861112,5.584658815777088,271,271,0,0.5906666666666667,0,12191.610000000002,12152.01,1277857.5567901237,0,0,0
2023/09/05/16:55:19.243,11.475670082724509,4.9053460390508326,271,271,0,0.459,0,13126.560000000001,13054.439999999999,1277857.5567901237,0,0,0
2023/09/05/16:55:19.642,11.314359129785933,5.885290690840491,271,271,0,0.33,0,12592.69,12488.05,1277857.5567901237,0,0,0
2023/09/05/16:55:20.042,11.40384010443674,5.346847484906745,51,42,0,0.32416666666666666,0,12592.690000000002,12488.05,1277857.5567901237,0,0,0
2023/09/05/16:55:20.444,11.5334747758057,6.262524303790324,271,271,0,0.32416666666666666,0,12526.960000000001,12416.560000000001,1197878.8753086422,0,0,0
2023/09/05/16:55:20.846,14.503016922893902,5.703402811952207,271,271,0,0.32416666666666666,0,12199.29,12353.01,1294879.7005208335,0,0,0
2023/09/05/16:55:21.259,12.004604346334444,3.106912187536179,45,36,0,0.3405,0,10747.56,10738.56,128616.6820987654,0,0,0
2023/09/05/16:55:21.661,9.852786055087043,5.33160627464986,48,33,0,0.39666666666666667,0,12279.84,12522.210000000001,122005.919341695,0,0,0
2023/09/05/16:55:22.060,12.57506593786534,4.099151368452725,271,271,0,0.39666666666666667,0,12723.609999999999,13274.289999999999,105079.10090702944,0,0,0
2023/09/05/16:55:22.450,10.50887548276922,-4.271860865386004,271,271,0,0.39666666666666667,0,12358.41,12694.289999999997,122127.57112740929,0,0,0
2023/09/05/16:55:22.841,11.305347684023904,-0.3867813424250189,271,271,0,0.39666666666666667,0,10444.89,11502.959999999997,128537.61148904002,0,0,0
2023/09/05/16:55:23.234,11.163764924210472,2.175048858522583,271,271,0,0.2781666666666667,0,10444.89,11502.96,128537.61148904002,0,0,0
2023/09/05/16:55:23.630,10.805244362887516,-2.065559958024124,271,271,0,0.2781666666666667,0,10444.89,11502.959999999997,128537.61148904002,0,0,0
2023/09/05/16:55:24.031,10.932401186384668,-1.5642834931990588,271,271,0,0.2781666666666667,0,10444.89,11502.959999999997,128537.61148904002,0,0,0
2023/09/05/16:55:24.429,9.144691977034134,-1.2033008419843556,271,271,0,0.13533333333333333,0,8064.49,8949.61,920.6859410430842,0,0,0
2023/09/05/16:55:24.829,10.099055307600693,0.32684617307102054,271,271,0,0.0,0,8064.49,8949.61,920.6859410430842,0,0,0
2023/09/05/16:55:25.230,10.744444261032182,-2.2753708306297282,271,271,0,0.0,0,8064.49,8949.61,920.6859410430842,0,0,0
2023/09/05/16:55:25.625,10.145560964551263,-0.6438378355130645,271,271,0,0.0,0,4475.610000000001,5097.96,0.0,0,0,0
2023/09/05/16:55:26.033,10.198894446777983,-3.487657599958928,271,271,0,0.0,0,0.0,0.0,0,0,0,0
2023/09/05/16:55:26.437,12.637035931467981,-1.5893425084733774,271,271,0,0.0,0,0.0,0.0,0,0,0,0
2023/09/05/16:55:26.842,8.942572387828932,-0.5781945465736471,271,271,0,0.0,0,0.0,0.0,0,0,0,0
2023/09/05/16:55:27.232,11.577775539684,-3.4695205723922857,271,271,0,0.0,0,0.0,0.0,0,0,0,0
2023/09/05/16:55:27.632,11.073682251969679,1.563080669609725,271,271,0,0.0,0,0.0,0.0,0,0,0,0
2023/09/05/16:55:28.026,10.294298131249873,1.2917098330404495,271,271,0,0.0,0,0.0,0.0,0,0,0,0
2023/09/05/16:55:28.427,11.113426222919102,0.45724591678388343,271,271,0,0.0,0,0.0,0.0,0,0,0,0
2023/09/05/16:55:28.828,11.484944622097142,2.331023738858482,271,271,0,0.0,0,0.0,0.0,0,0,0,0
2023/09/05/16:55:29.228,11.751596450055299,0.41624399093229336,271,271,0,0.0,0,0.0,0.0,0,0,0,0
2023/09/05/16:55:29.631,11.378077653362192,0.6704400347439895,271,271,0,0.0,0,0.0,0.0,0,0,0,0
2023/09/05/16:55:30.030,12.206767170719873,0.3661700717350749,271,271,0,0.0,0,0.0,0.0,0,0,0,0
2023/09/05/16:55:30.430,11.561974229175279,-12.423508956819393,271,271,0,0.0,0,0.0,0.0,0,0,0,0
2023/09/05/16:55:30.839,12.914740671727872,0.020997583881284584,271,271,0,0.0,0,0.0,0.0,0,0,0,0
2023/09/05/16:55:31.248,10.911585870979403,25.293382010484436,271,271,0,0.0,0,0.0,0.0,0,0,0,0
2023/09/05/16:55:31.681,11.295733997110222,6.5075032153783265,33,48,0,0.127,0,0.0,0.0,0,0,0,0
2023/09/05/16:55:32.092,12.325443101387902,7.501689606749735,63,66,0,0.27516666666666667,0,5097.96,4475.610000000001,0.0,0,0,0
2023/09/05/16:55:32.483,11.559799537707747,8.170559156079971,51,66,0,0.47333333333333333,0,8001.639999999999,7343.56,3570.043153315748,0,0,0
2023/09/05/16:55:32.878,12.041537986375337,7.741748938033895,39,63,0,0.7218333333333333,0,10395.24,9371.009999999998,2605.66205557676,0,0,0
2023/09/05/16:55:33.274,13.58691274916961,8.108095016662874,36,63,0.702625741431966,0.9981666666666666,0.5600752988057961,12149.16,10631.490000000002,2910.7965353268164,0.9639583019277939,0.8757921326320062,0.43413994622081276
2023/09/05/16:55:33.659,13.513536408452183,8.29791297874683,33,66,0.8560770486096801,1.2695,0.7128336303236951,12898.810000000001,11026.69,2983.700891992452,0.980662121812968,0.9378516212038569,0.7318648315277779
2023/09/05/16:55:34.046,14.734388111811274,8.21954236830308,30,63,0.917502624017581,1.5483333333333333,0.8047330343171578,12603.69,10508.04,2868.6804283099436,0.9764801933628141,0.9571749627759293,0.8538011941740271
2023/09/05/16:55:34.438,15.546736200597316,7.849053826192954,39,66,0.917502624017581,1.7991666666666666,0.8501034184892946,11222.759999999998,9185.16,2932.8089093894155,0.9764801933628141,0.9571749627759293,0.8538011941740271
2023/09/05/16:55:34.829,15.900686500243424,7.746314906394594,33,63,0.9879610993166382,1.9398333333333333,1.0768472000629852,8587.24,6973.209999999999,2942.6131930394336,0.8497217825089554,0.9787086681840341,0.9960338631923863
2023/09/05/16:55:36.036,17.432131804296343,7.062491621516228,30,78,0.9878004874607147,2.0561666666666665,1.3065348114761,4907.76,3932.25,3018.4818773289057,0.6780421040122463,0.9768894493842736,0.9979146925836736
2023/09/05/16:55:36.436,16.2052795967295,5.801255804491291,30,87,0.9832100295498928,2.062,1.4323284557410985,99.81,47.160000000000004,3059.4992289808943,0.3610452994371388,0.9656506503203321,0.9971155672080338
2023/09/05/16:55:36.829,17.762802315424004,5.669935647584225,33,87,0.9731879400904727,1.9798333333333333,1.5909381187578293,104.03999999999999,57.69,3189.6283514720417,-0.4770299173920923,0.9456059646617212,0.9964972056654019
2023/09/05/16:55:37.247,15.934205140437966,5.212034976434643,36,87,0.9484102772659986,1.8643333333333334,1.6817889388547491,37.44,88.56,910.209726032875,-0.7910051762731439,0.9375991800175499,0.993573296439379
2023/09/05/16:55:37.639,12.737462619502605,4.994619636094406,36,87,0,1.759,0,10.890000000000002,110.61000000000001,609.4277104935884,0,0,0
2023/09/05/16:55:38.027,45.60897732562699,-35.36101114998817,48,87,0,1.5836666666666666,0,8.64,117.81000000000002,2981.5621937538726,0,0,0
2023/09/05/16:55:38.420,15.9218865331007,5.3675312802123445,12,87,0,1.3861666666666668,0,27.360000000000003,113.49000000000001,388901.0262002295,0,0,0
2023/09/05/16:55:38.810,18.836233929145624,-1.0197926094290504,15,87,0,1.2256666666666667,0,74.61,106.55999999999999,383839.32900400565,0,0,0
2023/09/05/16:55:39.196,23.207160156924537,-2.3944038332428623,15,87,0,1.0311666666666666,0,102.96000000000001,80.64,376790.0381353048,0,0,0
2023/09/05/16:55:39.582,18.101006653138732,0.4543891150714765,12,87,0,0.9081666666666667,0,117.35999999999999,54.81,368301.2268337059,0,0,0
2023/09/05/16:55:39.970,22.194130042993862,2.925677385931883,6,87,0,0.8238333333333333,0,139.41000000000003,7.290000000000002,360277.7138386886,0,0,0
2023/09/05/16:55:40.363,21.02903580600723,-0.4733449989751132,9,87,0,0.739,0,175.41000000000003,0.0,351566.1589855504,0,0,0
2023/09/05/16:55:40.744,27.076050884579292,-31.63775581018632,36,63,0,0.6533333333333333,0,191.16000000000003,0.0,1984985.3683163936,0,0,0
2023/09/05/16:55:41.122,28.41867242787531,-30.942446349978464,36,63,0,0.621,0,198.45,51.839999999999996,1982296.940762366,0,0,0
2023/09/05/16:55:41.503,27.694635221085377,-32.506418904833744,30,66,0,0.674,0,198.45,92.16,1964970.3443256288,0,0,0
2023/09/05/16:55:41.880,26.62918202638773,-33.91098130455306,33,75,0,0.6533333333333333,0,185.49,111.69000000000001,1991911.0216165148,0,0,0
2023/09/05/16:55:42.256,26.418218986934317,-34.32480405804885,18,81,0,0.6293333333333333,0,127.43999999999998,108.08999999999999,1865402.792925311,0,0,0
2023/09/05/16:55:42.633,25.71397657735487,-36.26084129249844,21,87,0,0.5886666666666667,0,120.6,101.61,1856820.1370670674,0,0,0
2023/09/05/16:55:43.010,22.12152875044393,-37.56129602520547,271,271,0,0.5066666666666667,0,116.63999999999999,101.61,1867553.6960506968,0,0,0
2023/09/05/16:55:43.411,39.89607286475457,11.353914016518784,271,271,0,0.43066666666666664,0,5676.960000000001,3468.8100000000004,2061562.2861417246,0,0,0
2023/09/05/16:55:43.806,25.79085293846218,-6.92049939450818,271,271,0,0.35033333333333333,0,9890.89,6158.889999999999,2315023.1554570626,0,0,0
2023/09/05/16:55:44.188,23.184147156221833,-37.3389216345337,271,271,0,0.2791666666666667,0,12654.84,8171.85,2571642.8693921557,0,0,0
2023/09/05/16:55:44.570,21.813965988182268,-38.78680035607564,271,271,0,0.17283333333333334,0,14085.359999999997,9507.689999999999,122585.15266317541,0,0,0
2023/09/05/16:55:44.951,21.5839482729874,-14.942548699689564,3,87,0,0.14816666666666667,0,14835.009999999998,9703.21,139727.2697465311,0,0,0
2023/09/05/16:55:45.349,11.277484752280817,-1.8845073706204636,271,271,0,0.10216666666666667,0,15680.8,9228.490000000002,137305.62359146035,0,0,0
2023/09/05/16:55:45.748,24.688187986513014,1.8417390734933545,271,271,0,0.06183333333333333,0,15316.89,8537.64,143946.30692024025,0,0,0
2023/09/05/16:55:46.148,24.201065302640888,-4.412427966420283,271,271,0,0.06183333333333333,0,13888.89,7267.5599999999995,140746.8320566435,0,0,0
2023/09/05/16:55:46.549,21.283931971017722,0.3961635254211461,271,271,0,0.06183333333333333,0,10749.16,5416.96,8640.12448736926,0,0,0
2023/09/05/16:55:46.940,23.856693748704277,-0.28086290205237435,271,271,0,0.06183333333333333,0,6464.159999999999,3047.04,0.0,0,0,0
2023/09/05/16:55:47.341,23.754049332137026,5.4159069290042,271,271,0,0.06183333333333333,0,6464.159999999999,3047.04,0.0,0,0,0
2023/09/05/16:55:47.738,23.631057194791406,-0.6472650053265506,271,271,0,0.06183333333333333,0,6464.159999999999,3047.04,0.0,0,0,0
2023/09/05/16:55:48.135,24.393151166602422,3.8851853586134206,271,271,0,0.0,0,6464.159999999999,3047.04,0.0,0,0,0
2023/09/05/16:55:48.526,24.862658302268144,-5.21759091749301,271,271,0,0.0,0,6464.159999999999,3047.04,0.0,0,0,0
2023/09/05/16:55:48.922,23.880568924096032,5.878870047777949,271,271,0,0.0,0,6464.159999999999,3047.04,0.0,0,0,0
2023/09/05/16:55:49.322,24.41616442326508,4.683949441969322,271,271,0,0.0,0,0.0,0.0,0,0,0,0
2023/09/05/16:55:49.731,24.416259778596633,4.021631843303113,271,271,0,0.0,0,0.0,0.0,0,0,0,0
2023/09/05/16:55:50.126,23.59357270866272,0.43020347125941044,271,271,0,0.0,0,0.0,0.0,0,0,0,0
2023/09/05/16:55:50.525,24.7416994912836,-5.108775223622113,271,271,0,0.0,0,0.0,0.0,0,0,0,0
2023/09/05/16:55:50.927,23.531574782880313,-5.660119128223302,271,271,0,0.0,0,0.0,0.0,0,0,0,0
2023/09/05/16:55:51.323,24.086819413902454,-0.6857153464048531,271,271,0,0.0,0,0.0,0.0,0,0,0,0
2023/09/05/16:55:51.722,22.849469378746186,-3.2819785435705446,271,271,0,0.0,0,0.0,0.0,0,0,0,0
2023/09/05/16:55:52.122,23.507880438432018,-4.916123453843555,271,271,0,0.0,0,0.0,0.0,0,0,0,0
2023/09/05/16:55:52.517,22.26982840684944,-4.4108914977636715,271,271,0,0.0,0,0.0,0.0,0,0,0,0
2023/09/05/16:55:52.913,21.788865579084003,1.0685069503319415,271,271,0,0.0,0,0.0,0.0,0,0,0,0
2023/09/05/16:55:53.313,22.699311535416633,3.121484812955567,271,271,0,0.0,0,0.0,0.0,0,0,0,0
2023/09/05/16:55:53.705,21.57364750693228,-4.027345257250565,271,271,0,0.0,0,0.0,0.0,0,0,0,0
2023/09/05/16:55:54.106,21.325152220151203,2.1609955946883317,271,271,0,0.0,0,0.0,0.0,0,0,0,0
2023/09/05/16:55:54.508,21.590107264479244,3.756063121287743,271,271,0,0.0,0,0.0,0.0,0,0,0,0
2023/09/05/16:55:54.894,21.142436708123974,1.256172027964247,271,271,0,0.0,0,0.0,0.0,0,0,0,0
2023/09/05/16:55:55.291,21.91542879434447,-2.0760489742223167,271,271,0,0.0,0,0.0,0.0,0,0,0,0
2023/09/05/16:55:55.664,19.605719002346504,46.061923003270806,271,271,0,0.0,0,0.0,0.0,0,0,0,0
2023/09/05/16:55:56.107,30.454975647286126,22.13485720497674,87,24,0,0.20416666666666666,0,0.0,0.0,0,0,0,0
2023/09/05/16:55:56.533,12.083961697854017,6.944428948763345,90,3,0,0.5491666666666667,0,3047.04,5490.81,0.0,0,0,0
2023/09/05/16:55:56.940,-18.448253357623923,5.885596295170712,99,3,0,0.9013333333333333,0,5329.45,10631.05,277.35287074832615,0,0,0
2023/09/05/16:55:57.363,-13.754013602285191,15.369559571764347,96,15,0,1.277,0,6736.410000000001,14334.810000000001,202.07047879202793,0,0,0
2023/09/05/16:55:57.782,-33.50335202241386,29.262377964290838,99,15,-0.96714502327677,1.565,0.4277122210622644,7613.160000000001,16224.09,1271.2103572671372,0.5141058509038791,0.29215841472171883,-0.7134439074265513
2023/09/05/16:55:58.257,-13.042515324238627,26.39962433578272,99,48,-0.9441756747313651,1.9266666666666667,0.29560577739084376,7826.44,16802.65,2016.1480882682606,0.2853971514933326,0.23896294534703114,-0.7326949980349414
2023/09/05/16:55:58.690,12.538132626156582,14.538291526814625,90,6,-0.9441756747313651,2.3606666666666665,0.24737895187403475,7448.040000000001,15502.560000000003,1847.0431938437694,0.2853971514933326,0.23896294534703114,-0.7326949980349414
2023/09/05/16:55:59.207,28.076341443716387,-11.273845323193305,66,15,-0.8660196187722149,2.7631666666666668,0.3461448960516712,6573.8099999999995,13777.410000000003,1700.0281379200633,0.5188929913530518,0.13723606249177228,-0.8071312336308049
2023/09/05/16:55:59.702,2.953038756475258,-7.633536332185705,99,3,-0.8224127533451632,2.940166666666667,0.3575185426596247,5284.359999999999,10546.689999999999,1494.186673519773,0.2906414266335707,-0.03601012860551754,-0.3357440732255975
2023/09/05/16:56:00.260,5.260787077852338,-15.44424431451832,66,18,-0.06148879243489165,3.0676666666666668,0.579182179075841,2986.44,6081.8099999999995,1395.75887089705,0.6537612386366513,-0.09207856672254594,-0.06183515290668245
2023/09/05/16:56:00.760,1.6857694112246182,-19.971141117633312,75,9,0.19255726110278693,3.266,0.6577184445450586,151.29000000000002,169.2,1502.6532006941397,0.8495313042764713,-0.2521084056394143,0.1065482235526269
2023/09/05/16:56:01.220,3.4323818320202726,-4.217721143454304,84,3,0.36845859925930496,3.477333333333333,0.7632696030598629,169.29,162.45,1454.203483644044,0.8398903422212042,0.6682711009416535,0.4698293136769495
2023/09/05/16:56:01.669,-11.034807214680574,-7.608424061742322,93,12,0.8117993109783671,3.7323333333333335,0.9608595644804562,170.01,162.45,1451.4241854553502,0.9068162190035297,0.7939619349222823,0.8198344540278595
2023/09/05/16:56:02.138,-19.591228839481765,-8.960619775099582,90,6,0.7470867749980147,4.004,1.022574052743728,159.21,150.84,1416.45422000701,0.8331561409730398,0.8328230506087757,0.6549649124694572
2023/09/05/16:56:02.579,-25.786874942478413,-22.466280982895377,90,12,0.7470867749980147,4.037333333333334,1.053457893897033,151.29000000000002,157.05,1049.4429210517235,0.8331561409730398,0.8328230506087757,0.6549649124694572
2023/09/05/16:56:03.057,-28.174856764962247,-22.504936086365237,90,18,0,4.052833333333333,0,135.35999999999999,156.95999999999998,546.5166107192448,0,0,0
2023/09/05/16:56:03.489,-27.794595995282275,-13.254381194148518,90,15,0,4.205666666666667,0,117.80999999999999,29.160000000000004,536.2069209724852,0,0,0
2023/09/05/16:56:03.901,-26.01509478410195,-14.315077230335737,90,18,0,4.171166666666666,0,117.80999999999999,28.889999999999997,503.35217207659144,0,0,0
2023/09/05/16:56:04.362,-26.149072381889148,-11.209060702266274,90,12,0,4.104833333333334,0,81.81,32.04,537.2234402256669,0,0,0
2023/09/05/16:56:04.784,-25.941630761260722,-13.936127020704976,90,15,0,3.9898333333333333,0,66.96,24.21,539.9533264380846,0,0,0
2023/09/05/16:56:05.208,-29.15226655498916,-16.967420329771503,90,15,0,3.8815,0,23.759999999999998,21.6,111.86886646593189,0,0,0
2023/09/05/16:56:05.623,-26.951519434923775,-12.266849051500484,90,15,0,3.7323333333333335,0,4.409999999999999,21.24,127.3710076088017,0,0,0
2023/09/05/16:56:06.073,-27.973055432784477,-13.348097593090715,90,12,0,3.7161666666666666,0,0.8099999999999999,11.16,90.51289712512863,0,0,0
2023/09/05/16:56:06.494,-24.053721171290643,-13.025595178786089,90,12,0,3.757,0,0.0,11.16,80.29654039341061,0,0,0
2023/09/05/16:56:06.909,-28.733375500101946,-11.65799532438845,90,15,0,3.6776666666666666,0,0.0,5.040000000000001,71.25039327658759,0,0,0
2023/09/05/16:56:07.332,-29.249118367468746,-13.182984945179507,90,18,0,3.650166666666667,0,0.0,4.41,66.48480041315028,0,0,0
2023/09/05/16:56:07.770,-29.256052859092218,-11.138078831760195,90,15,0,3.6231666666666666,0,0.0,4.409999999999999,67.72957904805124,0,0,0
2023/09/05/16:56:08.190,-30.549356330781578,-17.473354523136184,90,21,0,3.547,0,0.0,4.409999999999999,24.85513225331784,0,0,0
2023/09/05/16:56:08.563,7.396621713788022,53.21914457997202,180,362,0,3.1123333333333334,0,0.0,7.2,22.346996866540167,0,0,0
2023/09/05/16:56:08.958,10.377107249417827,-7.086705867019297,271,271,0,2.6281666666666665,0,729.0,10822.2,23.990430255566242,0,0,0
2023/09/05/16:56:09.343,12.557527235901336,37.0314761293973,84,84,0,2.220833333333333,0,3351.69,14928.439999999999,14.813628801043912,0,0,0
2023/09/05/16:56:09.744,10.783580400427153,3.573497636390504,271,271,0,1.762,0,3387.45,14520.65,168.92323227462788,0,0,0
2023/09/05/16:56:10.158,11.057978381337206,4.531136786191654,271,271,0,1.3073333333333332,0,5376.640000000001,16962.89,189.81266578360368,0,0,0
2023/09/05/16:56:10.538,12.018652485226696,39.30182307745052,63,84,0,0.932,0,6710.609999999999,18022.2,218.96290328734872,0,0,0
2023/09/05/16:56:10.939,11.704689073105289,2.659553354371327,271,271,0,0.47483333333333333,0,7114.8,16731.96,222.04073556892848,0,0,0
2023/09/05/16:56:11.318,12.728212568706294,45.23191660684072,21,81,0,0.09466666666666666,0,7891.290000000001,16168.759999999998,252.98156254316694,0,0,0
2023/09/05/16:56:11.708,12.195179607067,34.64154417307971,84,63,0,0.14733333333333334,0,9397.560000000001,14651.09,312100.315037188,0,0,0
2023/09/05/16:56:12.120,10.566042622799245,-11.484168581395222,271,271,0,0.14733333333333334,0,9486.240000000002,13340.689999999999,317336.6270969333,0,0,0
2023/09/05/16:56:12.525,11.234663921160642,3.7136680500715364,271,271,0,0.1035,0,9879.01,11120.69,375906.390912744,0,0,0
2023/09/05/16:56:12.927,11.8383036682936,18.319181757107764,96,69,0,0.21283333333333335,0,10647.959999999997,8970.359999999999,375906.390912744,0,0,0
2023/09/05/16:56:13.322,13.19217563899583,36.680258094398305,42,84,0,0.2745,0,10492.21,9523.84,301048.0089327769,0,0,0
2023/09/05/16:56:13.742,12.964772306988857,35.14984983961525,69,66,0,0.29233333333333333,0,11375.890000000001,9523.84,281891.52354570635,0,0,0
2023/09/05/16:56:14.140,11.012666322908881,4.245846048290528,271,271,0,0.29233333333333333,0,10810.29,9312.689999999999,255499.85980301638,0,0,0
2023/09/05/16:56:14.526,12.846930948557725,40.90229303663116,42,63,0,0.29933333333333334,0,10810.289999999999,9312.69,255499.85980301638,0,0,0
2023/09/05/16:56:14.907,13.11076108002924,41.78014750040387,60,84,0,0.2685,0,11198.16,9642.6,251796.5,0,0,0
2023/09/05/16:56:15.309,10.644582390919236,-6.526615754544048,271,271,0,0.2685,0,9837.210000000001,8301.81,228903.213303099,0,0,0
2023/09/05/16:56:15.725,11.05451030669949,4.059205208743316,271,271,0,0.2685,0,10377.21,9601.41,13843.410150891634,0,0,0
2023/09/05/16:56:16.138,11.050052821488968,4.317411009378282,271,271,0,0.15916666666666668,0,11142.039999999999,9821.890000000001,14594.723160493828,0,0,0
2023/09/05/16:56:16.547,10.983054354485786,3.1024783108905623,271,271,0,0.0975,0,11142.04,9821.890000000001,14594.723160493828,0,0,0
2023/09/05/16:56:16.950,11.114814904538116,3.723393917816504,271,271,0,0.0445,0,11142.04,9821.890000000001,14594.723160493828,0,0,0
2023/09/05/16:56:17.347,10.977485586165285,2.753894721913924,271,271,0,0.0445,0,11434.289999999999,9329.01,4955.281481481482,0,0,0
2023/09/05/16:56:17.738,12.09162239992082,25.665398575864987,54,60,0,0.11333333333333333,0,9654.960000000001,8425.8,682.3253772290806,0,0,0
2023/09/05/16:56:18.140,12.00812175306356,23.47390137022456,75,84,0,0.18583333333333332,0,10088.61,8603.039999999999,6684.142661179699,0,0,0
2023/09/05/16:56:18.543,10.719930480617887,-3.21603762046231,54,27,0,0.30883333333333335,0,10970.61,9483.810000000001,24962.24537037037,0,0,0
2023/09/05/16:56:18.947,10.98831027133812,4.359184415323702,271,271,0,0.30883333333333335,0,10638.689999999999,10527.09,539365.0231481481,0,0,0
2023/09/05/16:56:19.349,11.341293801004822,4.503964764593208,271,271,0,0.30883333333333335,0,9290.4,9780.960000000001,550008.8888888889,0,0,0
2023/09/05/16:56:19.749,11.145824349948965,8.502071103426273,54,27,0,0.42083333333333334,0,9290.4,9780.960000000001,550008.8888888889,0,0,0
2023/09/05/16:56:20.150,10.379356164813322,5.679403558924446,271,271,0,0.42083333333333334,0,10794.210000000001,12006.24,518544.2346938776,0,0,0
2023/09/05/16:56:20.552,11.109870332311008,3.1356026326718323,271,271,0,0.42083333333333334,0,10794.210000000001,12006.24,518544.2346938776,0,0,0
2023/09/05/16:56:20.951,13.863708259234457,5.315510900087188,271,271,0,0.3293333333333333,0,10794.210000000001,12006.24,518544.2346938776,0,0,0
2023/09/05/16:56:21.355,12.861919555175955,5.218296572512266,271,271,0,0.235,0,10794.210000000001,12006.24,518544.2346938776,0,0,0
2023/09/05/16:56:21.756,12.977541094647346,4.813701601941893,271,271,0,0.112,0,10794.210000000001,12006.24,518544.2346938776,0,0,0
2023/09/05/16:56:22.151,9.557232098106656,2.1258229833092335,271,271,0,0.112,0,9290.4,10847.85,605256.2358276645,0,0,0
2023/09/05/16:56:22.544,11.019676007085152,2.673269295155968,271,271,0,0.112,0,7534.24,9525.76,804127.5510204082,0,0,0
2023/09/05/16:56:22.952,11.073082461724022,6.339643563703113,66,18,0,0.09783333333333333,0,4238.01,5358.24,0.0,0,0,0
2023/09/05/16:56:23.318,5.04263451904675,64.13875237954105,180,362,0,0.09783333333333333,0,7130.56,9884.41,95.80498866213152,0,0,0
2023/09/05/16:56:23.713,10.018615282245957,-4.116246129924921,3,87,0,0.24133333333333334,0,7107.81,11534.24,95.80498866213152,0,0,0
2023/09/05/16:56:24.105,5.222111484929866,-11.737710094914124,99,18,0,0.30433333333333334,0,9032.039999999999,9417.439999999999,45546673.61111111,0,0,0
2023/09/05/16:56:24.504,5.3131009479716695,-1.5344466296340653,96,15,0,0.3355,0,9754.439999999999,13427.490000000002,37531154.32098766,0,0,0
2023/09/05/16:56:24.902,4.559705205572944,-0.7400821587684432,99,18,0,0.3561666666666667,0,9934.689999999999,16258.85,32410762.53468094,0,0,0
2023/09/05/16:56:25.301,0.14701066498088622,-1.8599820588663787,180,362,0,0.3561666666666667,0,9463.41,17693.360000000004,27994275.212642338,0,0,0
2023/09/05/16:56:25.717,5.736483138359986,1.9170207729347173,87,6,0,0.487,0,8237.640000000001,20455.21,27994275.212642338,0,0,0
2023/09/05/16:56:26.117,8.868545804891212,3.14555565040387,99,18,0,0.4653333333333333,0,6964.360000000001,21385.359999999997,23481615.224514958,0,0,0
2023/09/05/16:56:26.511,7.826693377609902,2.452233011211821,96,15,0,0.5808333333333333,0,4955.4,20659.25,21077468.103636745,0,0,0
2023/09/05/16:56:26.903,10.372060210634615,2.152882086569737,99,18,0,0.5276666666666666,0,2356.65,18698.29,18488381.472552855,0,0,0
2023/09/05/16:56:27.285,6.68454949962263,6.535968391675282,66,15,0,0.5831666666666667,0,2226.96,18698.29,18016324.77407174,0,0,0
2023/09/05/16:56:27.672,12.55811829921379,6.070733268986054,63,18,0,0.6526666666666666,0,1659.2399999999998,10790.16,16783158.30147681,0,0,0
2023/09/05/16:56:28.053,10.135464333451585,-1.6118517483944204,78,15,0,0.7185,0,910.4399999999999,10807.41,1604221.458182665,0,0,0
2023/09/05/16:56:28.451,7.86647947863079,2.475220240162811,51,36,0,0.8078333333333333,0,947.6099999999999,10827.6,1680658.0908543433,0,0,0
2023/09/05/16:56:28.842,13.09499451924675,4.058942760591612,78,24,0,0.7796666666666666,0,1132.56,10720.289999999999,1692943.362179339,0,0,0
2023/09/05/16:56:29.235,10.882853930697182,4.543852863974516,271,271,0,0.7035,0,1142.01,10682.61,1661268.3410833047,0,0,0
2023/09/05/16:56:29.627,10.691741863247247,2.593718067271243,271,271,0,0.588,0,3530.7599999999993,5798.64,1661268.3410833047,0,0,0
2023/09/05/16:56:30.019,11.43571350600999,2.9986205188257014,66,15,0,0.6165,0,6143.56,10126.09,460869.3304583737,0,0,0
2023/09/05/16:56:30.418,10.984552277606003,2.6178522917095335,66,15,0,0.623,0,6361.6900000000005,10158.16,460478.3359653385,0,0,0
2023/09/05/16:56:30.820,10.083844283702247,2.5005562456670183,271,271,0,0.5223333333333333,0,6550.09,10158.159999999998,124874.59446873987,0,0,0
2023/09/05/16:56:31.225,10.409549952962081,4.410566533465797,271,271,0,0.43583333333333335,0,8803.289999999999,13297.89,97758.53604082197,0,0,0
2023/09/05/16:56:31.627,11.246220105132945,4.257754742480647,63,18,0,0.47,0,10039.440000000002,15095.01,99511.79453262786,0,0,0
2023/09/05/16:56:32.029,11.176327919431765,4.523505094389448,271,271,0,0.36733333333333335,0,10039.44,15095.01,95195.76719576717,0,0,0
2023/09/05/16:56:32.424,11.376018993314919,3.870800031405386,271,271,0,0.36733333333333335,0,10666.69,15581.41,97758.18594104308,0,0,0
2023/09/05/16:56:32.820,11.019423466185387,3.6864302047668733,271,271,0,0.36733333333333335,0,9879.09,15367.560000000001,90409.72222222223,0,0,0
2023/09/05/16:56:33.220,11.511825333869592,2.0510966749068835,271,271,0,0.2485,0,8912.16,13655.85,114296.2962962963,0,0,0
2023/09/05/16:56:33.618,13.233887405247714,25.245400765783625,87,84,0,0.207,0,8912.16,13655.85,114296.2962962963,0,0,0
2023/09/05/16:56:34.013,9.880126181180028,-0.31532899229660327,271,271,0,0.207,0,9684.96,13941.960000000001,129327.69097222223,0,0,0
2023/09/05/16:56:34.409,9.68176186766267,1.4332148045800144,63,18,0,0.30666666666666664,0,8350.41,11607.24,151810.18518518517,0,0,0
2023/09/05/16:56:34.816,13.265555122719807,3.127444425762389,48,33,0,0.3298333333333333,0,8438.4,11496.210000000001,242.47618437353154,0,0,0
2023/09/05/16:56:35.276,6.271857884243616,5.055791574097778,39,42,0,0.5511666666666667,0,10238.009999999998,13295.49,777.7222102076124,0,0,0
2023/09/05/16:56:35.678,7.9419757913953,-0.4255716600703798,271,271,0,0.5511666666666667,0,11263.45,13751.2,5201.9176385151,0,0,0
2023/09/05/16:56:36.077,8.878245878496323,-2.313062171078047,51,30,0,0.6611666666666667,0,10893.210000000001,12579.810000000001,6286.572972734845,0,0,0
2023/09/05/16:56:36.481,6.45234780423142,34.4513321252528,271,271,0,0.6611666666666667,0,11522.41,13435.36,204341.8304925456,0,0,0
2023/09/05/16:56:36.888,9.376266374379425,5.178570010106492,75,21,0,0.719,0,11522.41,13435.36,204341.8304925456,0,0,0
2023/09/05/16:56:37.288,13.097264818970455,31.969686384520756,42,72,0,0.8196666666666667,0,10797.21,13320.36,460805.27825539565,0,0,0
2023/09/05/16:56:37.682,10.660938806265733,1.9515954126564863,271,271,0,0.72,0,9732.359999999999,11320.41,405765.5987231494,0,0,0
2023/09/05/16:56:38.079,10.685261950867844,-0.2626889770799222,48,84,0,0.6823333333333333,0,11498.759999999998,13446.6,427899.5842648364,0,0,0
2023/09/05/16:56:38.472,8.940615235930757,-3.7633132272541667,60,24,0,0.5773333333333334,0,10140.689999999999,11320.409999999998,407310.1972292185,0,0,0
2023/09/05/16:56:38.858,11.008360443938042,-0.8000008324044346,51,33,0,0.6583333333333333,0,10174.44,11211.689999999999,392715.30200690165,0,0,0
2023/09/05/16:56:39.250,7.4739122390613,-0.9849324378961983,81,84,0,0.6428333333333334,0,10133.490000000002,11211.69,401460.53921317117,0,0,0
2023/09/05/16:56:39.634,10.608418804119538,-0.9951781218279689,54,30,0,0.755,0,9629.490000000002,10783.29,393112.2421476327,0,0,0
2023/09/05/16:56:40.027,13.347144468795554,0.8900476620743787,271,271,0,0.6136666666666667,0,7405.240000000001,8544.4,372517.11398088647,0,0,0
2023/09/05/16:56:40.431,10.94847515470191,1.1910694245090105,271,271,0,0.513,0,9587.64,10783.289999999999,337367.27077231643,0,0,0
2023/09/05/16:56:40.833,11.512352380959925,2.1023505595526295,78,84,0,0.6298333333333334,0,9587.64,10783.289999999999,337367.27077231643,0,0,0
2023/09/05/16:56:41.232,15.587905132275337,30.300909298525355,271,271,0,0.5208333333333334,0,9560.01,9942.24,14375.109275844681,0,0,0
2023/09/05/16:56:41.625,7.254048637870307,-5.970736363338237,271,271,0,0.4045,0,10583.64,11500.41,13111.513720532725,0,0,0
2023/09/05/16:56:42.027,8.793744168621616,-0.7519156548522284,48,36,0,0.4146666666666667,0,10583.64,11500.410000000002,13111.513720532725,0,0,0
2023/09/05/16:56:42.432,12.421222247274217,2.0762685088637114,54,42,0,0.43133333333333335,0,10583.64,12267.45,13349.726784975828,0,0,0
2023/09/05/16:56:42.826,4.21449190935655,0.058545561944413696,271,271,0,0.31916666666666665,0,10689.6,11888.009999999998,13879.405994098805,0,0,0
2023/09/05/16:56:43.223,9.304847001665161,-0.22625894774389022,271,271,0,0.31916666666666665,0,10909.6,11926.09,16088.071748632836,0,0,0
2023/09/05/16:56:43.594,14.770985400449096,62.418554541725285,180,362,0,0.31916666666666665,0,10890.6,12114.960000000001,212.3446517440559,0,0,0
2023/09/05/16:56:43.993,11.005941548215034,3.743602588947551,54,27,0,0.3075,0,8993.039999999999,11955.6,280.6658108883638,0,0,0
2023/09/05/16:56:44.390,13.54986045673642,1.0519117848362287,75,63,0,0.4185,0,10088.890000000001,14581.039999999999,251.88161505411333,0,0,0
2023/09/05/16:56:44.779,8.209705081048673,-5.37091806032816,69,30,0,0.4965,0,9857.61,15130.159999999998,223.20182308417392,0,0,0
2023/09/05/16:56:45.173,8.650289244765187,3.5018544824964035,271,271,0,0.4053333333333333,0,10007.64,16319.240000000002,297.94263808030104,0,0,0
2023/09/05/16:56:45.570,8.70168555987652,2.644394451608268,57,51,0,0.4125,0,10007.64,16319.239999999996,297.94263808030104,0,0,0
2023/09/05/16:56:45.967,10.842761229137851,-2.3963959936851547,63,84,0,0.5175,0,9224.4,15984.84,389.5822555377426,0,0,0
2023/09/05/16:56:46.359,12.584935537545832,5.192583682445315,63,45,0,0.6245,0,8983.65,15170.759999999998,3268.16933753225,0,0,0
2023/09/05/16:56:46.771,10.357233703123716,15.360761659643176,90,84,0,0.7511666666666666,0,8842.439999999999,15108.45,3012.5932329787443,0,0,0
2023/09/05/16:56:47.157,10.430341547194061,-0.6954609759667114,271,271,0,0.646,0,6954.610000000001,13636.76,2589.635329187278,0,0,0
2023/09/05/16:56:47.552,19.22268457600746,4.636599787319229,271,271,0,0.535,0,6954.609999999999,13636.76,2589.635329187278,0,0,0
2023/09/05/16:56:47.984,12.889850687851192,1.5465168599848538,72,9,0,0.5561666666666667,0,8804.64,10137.810000000001,2589.635329187278,0,0,0
2023/09/05/16:56:48.370,7.829064094548017,0.5079646085879977,57,24,0,0.6656666666666666,0,8565.960000000001,10500.689999999999,26733.983824602623,0,0,0
2023/09/05/16:56:48.758,5.976448247897396,2.050051300204138,66,15,0,0.6453333333333333,0,8793.840000000002,11065.8,38958.95708371673,0,0,0
2023/09/05/16:56:49.153,7.460060552850782,4.524467209341101,48,42,0,0.615,0,8830.289999999999,11338.05,1388625.8751912774,0,0,0
2023/09/05/16:56:49.539,11.188339631269645,1.5111694659622976,72,9,0,0.621,0,6932.559999999998,8798.439999999999,1218186.9483347211,0,0,0
2023/09/05/16:56:49.934,5.69946133017919,1.4688536382454218,69,12,0,0.6201666666666666,0,6806.409999999999,9281.44,2162220.0866492577,0,0,0
2023/09/05/16:56:50.326,3.0888492767698628,6.053246844384431,87,6,0,0.7228333333333333,0,6756.49,9768.160000000002,2017993.9940740694,0,0,0
2023/09/05/16:56:50.731,3.8893202556244404,-1.1760394282449036,271,271,0,0.7228333333333333,0,6592.8099999999995,10164.009999999998,1893066.607762897,0,0,0
2023/09/05/16:56:51.130,12.786602664956087,2.536221127751348,271,271,0,0.6236666666666667,0,8806.44,13674.0,1765457.7433014018,0,0,0
2023/09/05/16:56:51.536,12.904931383977349,6.404536065238601,271,271,0,0.5141666666666667,0,8806.439999999999,13674.0,1765457.7433014018,0,0,0
2023/09/05/16:56:51.938,8.94748444902604,1.311796998264416,271,271,0,0.4161666666666667,0,8806.439999999999,13674.0,1765457.7433014018,0,0,0
2023/09/05/16:56:52.338,11.44581000287725,-2.049622780678799,271,271,0,0.3415,0,10125.81,15450.360000000004,1709636.9244457039,0,0,0
2023/09/05/16:56:52.740,9.617985872103336,19.44077420161527,60,21,0,0.3345,0,10339.81,16238.289999999999,1449801.111111111,0,0,0
2023/09/05/16:56:53.137,10.69002118428457,2.124968550219862,271,271,0,0.20866666666666667,0,10467.49,16086.85,1806383.6455463727,0,0,0
2023/09/05/16:56:53.539,12.714319318332688,26.779294241674858,99,84,0,0.228,0,9542.04,16112.039999999999,2046433.9990817262,0,0,0
2023/09/05/16:56:53.950,11.11154966041906,3.931095088201604,271,271,0,0.228,0,8962.89,14242.289999999999,1035776.3286271809,0,0,0
2023/09/05/16:56:54.357,10.501175035436473,1.9158182680592444,271,271,0,0.228,0,7581.210000000001,11841.359999999999,1356462.5548413426,0,0,0
2023/09/05/16:56:54.766,10.284563275128665,18.769213746404308,271,271,0,0.228,0,5943.61,7837.210000000001,385.9044995408631,0,0,0
2023/09/05/16:56:55.168,11.04307483187644,2.5204328095410697,271,271,0,0.228,0,5943.61,7837.210000000001,385.9044995408631,0,0,0
2023/09/05/16:56:55.573,11.164404593836613,-5.762341014633198,271,271,0,0.228,0,5943.61,7837.210000000001,385.9044995408631,0,0,0
2023/09/05/16:56:55.979,10.742725169359955,7.757978594420197,271,271,0,0.122,0,5943.61,7837.210000000001,385.9044995408631,0,0,0
2023/09/05/16:56:56.376,10.623522065649952,2.53642098008239,271,271,0,0.122,0,5943.61,7837.210000000001,385.9044995408631,0,0,0
2023/09/05/16:56:56.777,11.241823506198374,1.624604132242373,271,271,0,0.0,0,5943.61,7837.210000000001,385.9044995408631,0,0,0
2023/09/05/16:56:57.159,12.045853768865163,37.556951196909985,271,271,0,0.0,0,2662.5600000000004,3147.2099999999996,0.0,0,0,0
2023/09/05/16:56:57.559,11.030628959726918,2.705984459862396,271,271,0,0.0,0,2662.5600000000004,3147.2099999999996,0.0,0,0,0
2023/09/05/16:56:57.966,10.46872399843751,21.649701423399378,271,271,0,0.0,0,0.0,0.0,0,0,0,0
2023/09/05/16:56:58.368,10.949756315255478,2.010206126969745,271,271,0,0.0,0,0.0,0.0,0,0,0,0
2023/09/05/16:56:58.767,11.479316763606523,4.303908452833517,271,271,0,0.0,0,0.0,0.0,0,0,0,0
2023/09/05/16:56:59.174,10.953238592707365,7.186717490182616,271,271,0,0.0,0,0.0,0.0,0,0,0,0
2023/09/05/16:56:59.575,10.572595627527523,1.8452376332601246,271,271,0,0.0,0,0.0,0.0,0,0,0,0
2023/09/05/16:56:59.975,10.874073226782253,3.1317091322813235,271,271,0,0.0,0,0.0,0.0,0,0,0,0
2023/09/05/16:57:00.374,11.466213461246296,4.198712148982926,271,271,0,0.0,0,0.0,0.0,0,0,0,0
2023/09/05/16:57:00.784,11.27973409191258,1.7804854367089809,271,271,0,0.0,0,0.0,0.0,0,0,0,0
2023/09/05/16:57:01.214,10.708710729990525,7.513038319576841,271,271,0,0.0,0,0.0,0.0,0,0,0,0
2023/09/05/16:57:01.622,10.63036456916974,2.777959980233625,271,271,0,0.0,0,0.0,0.0,0,0,0,0
2023/09/05/16:57:02.026,11.503137954372988,21.99332850156729,271,271,0,0.0,0,0.0,0.0,0,0,0,0
2023/09/05/16:57:02.431,11.202597192760003,2.4918606396574634,271,271,0,0.0,0,0.0,0.0,0,0,0,0
2023/09/05/16:57:02.830,10.97201434231308,3.157517344341146,271,271,0,0.0,0,0.0,0.0,0,0,0,0
2023/09/05/16:57:03.229,10.692901106284403,4.1457538146132356,271,271,0,0.0,0,0.0,0.0,0,0,0,0
2023/09/05/16:57:03.633,11.060688820535244,4.444136129229066,271,271,0,0.0,0,0.0,0.0,0,0,0,0
2023/09/05/16:57:04.037,11.319258312729712,3.884456011844586,271,271,0,0.0,0,0.0,0.0,0,0,0,0
2023/09/05/16:57:04.451,11.236806345497854,31.736731633318833,72,84,0,0.0915,0,0.0,0.0,0,0,0,0
2023/09/05/16:57:04.845,10.844528122234511,2.8385340201547975,271,271,0,0.0915,0,3564.09,3147.21,0.0,0,0,0
2023/09/05/16:57:05.251,10.913443902605774,5.287414062514689,271,271,0,0.0915,0,3564.09,3147.21,0.0,0,0,0
2023/09/05/16:57:05.650,11.262059526647555,4.333197877434273,271,271,0,0.0915,0,3564.09,3147.2099999999996,0.0,0,0,0
2023/09/05/16:57:06.051,11.037324354003909,2.4859024833753556,271,271,0,0.0915,0,3564.09,3147.2099999999996,0.0,0,0,0
2023/09/05/16:57:06.453,10.89773583681776,4.524356155040837,271,271,0,0.0915,0,3564.09,3147.2099999999996,0.0,0,0,0
2023/09/05/16:57:06.846,10.538229779029342,1.3258531171444137,271,271,0,0.0915,0,3564.09,3147.2099999999996,0.0,0,0,0
2023/09/05/16:57:07.246,11.099782355531639,4.520769976753968,271,271,0,0.0915,0,3564.09,3147.2099999999996,0.0,0,0,0
2023/09/05/16:57:07.629,12.411193999746464,47.47122469340958,33,87,0,0.006666666666666667,0,3564.09,3147.2099999999996,0.0,0,0,0
2023/09/05/16:57:08.020,10.829213488499633,0.7898025539499903,271,271,0,0.006666666666666667,0,7714.81,5506.09,0.5668934240362772,0,0,0
2023/09/05/16:57:08.427,10.98380988302092,3.0119142462046176,271,271,0,0.006666666666666667,0,7714.81,5506.09,0.5668934240362772,0,0,0
2023/09/05/16:57:08.843,11.211848124444652,5.000300406032,271,271,0,0.006666666666666667,0,5097.96,3047.04,0.0,0,0,0
2023/09/05/16:57:09.244,11.013908636654158,-4.478051204314355,271,271,0,0.006666666666666667,0,5097.96,3047.04,0.0,0,0,0
2023/09/05/16:57:09.651,10.986010612310515,5.250499211765974,271,271,0,0.006666666666666667,0,5097.96,3047.04,0.0,0,0,0
2023/09/05/16:57:10.051,10.8180196738956,1.7167426993469512,271,271,0,0.006666666666666667,0,5097.96,3047.04,0.0,0,0,0
2023/09/05/16:57:10.454,11.04479958549776,3.320027038118291,271,271,0,0.006666666666666667,0,5097.96,3047.04,0.0,0,0,0
2023/09/05/16:57:10.831,12.73695639024065,61.325153766222414,180,362,0,0.0,0,5097.96,3047.04,0.0,0,0,0
2023/09/05/16:57:11.238,10.864439708485381,1.6251105169546218,271,271,0,0.0,0,5410.09,4127.21,0.0,0,0,0
2023/09/05/16:57:11.642,10.940993457969698,4.950035098604283,271,271,0,0.0,0,5410.09,4127.21,0.0,0,0,0
2023/09/05/16:57:12.050,11.163829114372838,3.584059260828013,271,271,0,0.0,0,745.29,745.29,0,0,0,0
2023/09/05/16:57:12.456,11.21563156066464,3.764812746563702,271,271,0,0.0,0,745.29,745.29,0,0,0,0
2023/09/05/16:57:13.122,11.022407105092782,2.237783458717133,271,271,0,0.0,0,745.29,745.29,0,0,0,0
2023/09/05/16:57:13.535,13.905136575609204,67.34558772975204,180,362,0,0.0,0,745.29,745.29,0,0,0,0
2023/09/05/16:57:13.947,11.06785900574587,2.548641479708371,271,271,0,0.0,0,1324.9600000000003,1324.9600000000003,0,0,0,0
2023/09/05/16:57:14.348,10.808808000592133,-7.136649874601403,271,271,0,0.0,0,1324.96,1324.96,0,0,0,0
