-0.488022644621258,1.72477877611545,-0.410645566822695,0.489418972259036,-1.72601222613028,1.81866361672318,211.633809552403,211.633809552403,0.0484848484848485
-0.479163084197893,1.71505660682066,-0.405311054963683,0.489278784243356,-1.72401554558944,1.81777641953116,209.962705531663,209.962705531663,0.096969696969697
-0.45837829316834,1.69205785487004,-0.393022035196133,0.488955163587944,-1.71929910816903,1.81565405039531,207.264138261421,207.264138261421,0.145454545454545
-0.424282000206781,1.65378536541211,-0.373579920579239,0.488440660401852,-1.71147353970664,1.81204889955992,203.608967276127,203.608967276127,0.193939393939394
-0.378003510139198,1.60087885252966,-0.348718291645656,0.487775564855745,-1.70070817798216,1.80691538941257,199.068052110229,199.068052110229,0.242424242424242
-0.322178395879875,1.53588985399818,-0.321280799222018,0.487023813944212,-1.68757700717108,1.80037308095659,193.712252298175,193.712252298175,0.290909090909091
-0.259919088581696,1.46246931988796,-0.294306000241529,0.486246281713701,-1.67287796258739,1.79267022862749,187.612427374413,187.612427374413,0.339393939393939
-0.194150953558694,1.38468526415048,-0.270373126113506,0.485483553706942,-1.65747427515451,1.78414934052666,180.839436873391,180.839436873391,0.387878787878788
-0.127425826696331,1.30659310548766,-0.251292744253039,0.484753119245738,-1.64218971685747,1.7752188310667,173.464140329559,173.464140329559,0.436363636363636
-0.0620888593536663,1.23203093263427,-0.238014836908263,0.48405819528368,-1.62775875897291,1.76633152953019,165.557397277364,165.557397277364,0.484848484848485
-0.000581245059425781,1.16450779650722,-0.230601478718892,0.483401801660435,-1.61481007463248,1.75796376818748,157.190067251255,157.190067251255,0.533333333333333
0.0543550206865556,1.10704227112059,-0.228222746489074,0.482799061529687,-1.60385620375537,1.75058378823912,148.43300978568,148.43300978568,0.581818181818182
0.0997996499651349,1.06188260219036,-0.229276602564951,0.482281003179802,-1.5952689494224,1.74459971925007,139.357084415087,139.357084415087,0.63030303030303
0.133255857283693,1.03014546337485,-0.2317790903198,0.481885565737785,-1.58923167120928,1.74028617000518,130.033150673925,130.033150673925,0.678787878787879
0.153649518990458,1.01146002314414,-0.234011547610219,0.481638065644719,-1.58567135380931,1.73770071927723,120.532068096642,120.532068096642,0.727272727272727
0.162343560368919,1.0036500721369,-0.235124018264702,0.481531003655782,-1.58418116408981,1.73660933773623,110.924696217687,110.924696217687,0.775757575757576
0.163736058524994,1.00240792058623,-0.235311065115897,0.48151376847114,-1.58394401682637,1.73643515294396,101.281894571507,101.281894571507,0.824242424242424
0.164346342584022,1.00428189355631,-0.236259030405422,0.481471418178235,-1.58411450101974,1.73659803149198,91.6745226925518,91.6745226925518,0.872727272727273
0.168082044715439,1.01593264677023,-0.242096929106785,0.481209807361466,-1.58517947503444,1.73760837434664,82.1734401152689,82.1734401152689,0.921212121212121
0.176460544374588,1.04324791684612,-0.255422858163299,0.480607679126208,-1.58770799700785,1.73996014451983,72.849506374107,72.849506374107,0.96969696969697
0.189198133946277,1.08827096916033,-0.27637309686092,0.479648585716544,-1.5919576976627,1.74377557009895,63.7735810035143,63.7735810035143,1.01818181818182
0.204736062413476,1.14994750902775,-0.303281413347056,0.478399789238705,-1.59789837766092,1.74885198538108,55.0165235379392,55.0165235379392,1.06666666666667
0.221148665462954,1.22515252741005,-0.333757689096913,0.476975433286594,-1.60523317351327,1.75475411300279,46.6491935118299,46.6491935118299,1.11515151515152
0.236861568842305,1.30969720406116,-0.365571680327993,0.475500315096243,-1.61345215994569,1.76093723157859,38.742450459635,38.742450459635,1.16363636363636
0.250905870950292,1.3990238116823,-0.397017798509976,0.474085595254751,-1.62192291324674,1.76686861920721,31.3671539158026,31.3671539158026,1.21212121212121
0.262830968115595,1.48850368175719,-0.426859833394556,0.472817159153368,-1.62999709963781,1.77211996807778,24.5941634147812,24.5941634147812,1.26060606060606
0.272510137440882,1.57347700765784,-0.454106101260107,0.47175180436271,-1.6371143046278,1.77642161368516,18.4943384910191,18.4943384910191,1.30909090909091
0.279986073637004,1.64929802733002,-0.477815014971031,0.470916969434516,-1.64288998312522,1.77967856951875,13.1385386789647,13.1385386789647,1.35757575757576
0.285396734566229,1.71164938765914,-0.497050898635049,0.470312927471126,-1.64716551141921,1.78194730163047,8.59762351306639,8.59762351306639,1.40606060606061
0.288957905534003,1.75726616206355,-0.511045451532666,0.469918322504547,-1.64999622783534,1.78337942584403,4.94245252777237,4.94245252777237,1.45454545454545
0.290961572701696,1.78498554867668,-0.519537104508846,0.46969805791424,-1.65158748072157,1.7841592538807,2.24388525753102,2.24388525753102,1.5030303030303
0.291780195739386,1.79681922005668,-0.523162253385044,0.469608510007058,-1.65223647693104,1.78447204111594,0.572781236790797,0.572781236790797,1.55151515151515
0.291909852795049,1.79872321871859,-0.523745601307655,0.469594352283652,-1.65233919002884,1.78452126431043,0,0,1.6
0.291903755404954,1.79872014785212,-0.523744949659106,0.469587534880404,-1.65234062588705,1.78452322829164,0.572781236790823,0.572781236790823,1.64848484848485
0.291861825391142,1.79869903018211,-0.52374046761492,0.469540653719683,-1.65235050039825,1.78453673428726,2.24388525753106,2.24388525753106,1.6969696969697
0.291750304211561,1.79864286188562,-0.523728539568219,0.469415965500147,-1.65237676806624,1.78457265833885,4.94245252777235,4.94245252777235,1.74545454545455
0.291537716390109,1.79853578407279,-0.523705772834481,0.469178284053847,-1.65242685885788,1.78464114752084,8.59762351306637,8.59762351306637,1.79393939393939
0.291194901217494,1.79836309389324,-0.523668979961094,0.468795020299188,-1.65250768385185,1.78475161612971,13.1385386789647,13.1385386789647,1.84242424242424
0.290695051485935,1.79811125819843,-0.523615157074569,0.468236231155008,-1.65262564220331,1.78491274100784,18.4943384910191,18.4943384910191,1.89090909090909
0.290013756017865,1.79776792872766,-0.523541460031651,0.46747467344093,-1.65278662891656,1.78513245636879,24.5941634147812,24.5941634147812,1.93939393939394
0.2891290428719,1.79732195785802,-0.523445180060044,0.466485858974828,-1.65299604296047,1.7854179484698,31.3671539158026,31.3671539158026,1.98787878787879
0.28802142027347,1.7967634140327,-0.523323720476044,0.46524810730304,-1.65325879530096,1.78577565045284,38.7424504596349,38.7424504596349,2.03636363636364
0.286673912538628,1.79608359605977,-0.523174575943054,0.463742592777615,-1.65357931646462,1.78621123764853,46.6491935118299,46.6491935118299,2.08484848484848
0.285072088546494,1.79527504555436,-0.522995315582817,0.461953383036053,-1.65396156328443,1.78672962360519,55.0165235379391,55.0165235379391,2.13333333333333
0.283204080670813,1.79433155688197,-0.522783571069264,0.459867466344738,-1.65440902451424,1.78733495707012,63.7735810035143,63.7735810035143,2.18181818181818
0.281060592499576,1.79324818404883,-0.522537030625184,0.457474765733206,-1.65492472503294,1.78803062011064,72.849506374107,72.849506374107,2.23030303030303
0.278634894142734,1.79202124407663,-0.522253439609049,0.454768138362391,-1.65551122839225,1.78881922752046,82.173440115269,82.173440115269,2.27878787878788
0.275922804435719,1.79064831649217,-0.521930608130386,0.451743359120862,-1.65617063749464,1.78970262761314,91.6745226925518,91.6745226925518,2.32727272727273
0.272922659870754,1.78912823865773,-0.521566425875644,0.448399088009957,-1.65690459322091,1.79068190446065,101.281894571507,101.281894571507,2.37575757575758
0.269635270606681,1.78746109676268,-0.521158884072234,0.444736821440759,-1.65771427086047,1.7917573815925,110.924696217687,110.924696217687,2.42424242424242
0.266063864398686,1.78564821239108,-0.520706104276237,0.440760828101642,-1.65860037423294,1.79292862713122,120.532068096642,120.532068096642,2.47272727272727
0.262214019730633,1.78369212467198,-0.520206373448296,0.436478070544735,-1.65956312742715,1.79419446030501,130.033150673925,130.033150673925,2.52121212121212
0.258093589806722,1.78159656810763,-0.519658184590482,0.431898114065827,-1.66060226412388,1.79555295924793,139.357084415087,139.357084415087,2.56969696969697
0.253712619351901,1.77936644625962,-0.519060282060555,0.427033024801885,-1.66171701451137,1.79700146997424,148.433009785679,148.433009785679,2.61818181818182
0.249083256373138,1.77700780155259,-0.518411710562891,0.421897259235082,-1.66290608984839,1.79853661639494,157.190067251255,157.190067251255,2.66666666666667
0.244219661143176,1.77452778152954,-0.517711866738923,0.41650754746877,-1.6641676647776,1.80015431123254,165.557397277364,165.557397277364,2.71515151515152
0.239137914686495,1.77193460196182,-0.516960552243655,0.410882772730906,-1.66549935754153,1.80184976768223,173.464140329559,173.464140329559,2.76363636363636
0.233855928980917,1.76923750728033,-0.516158027195577,0.405043849570209,-1.66689820830476,1.80361751166434,180.839436873391,180.839436873391,2.81212121212121
0.228393360947978,1.76644672885273,-0.515305062920873,0.399013603149492,-1.66836065583711,1.80545139451173,187.612427374413,187.612427374413,2.86060606060606
0.222771532104462,1.76357344168561,-0.514402992973293,0.392816651921665,-1.66988251286377,1.80734460593579,193.712252298175,193.712252298175,2.90909090909091
0.217013355501195,1.76062972017992,-0.513453761492036,0.386479295810576,-1.67145894043789,1.80928968711452,199.068052110229,199.068052110229,2.95757575757576
0.211143271299194,1.75762849361545,-0.51245996805476,0.380029411825887,-1.67308442173935,1.81127854374384,203.608967276127,203.608967276127,3.00606060606061
0.205187192042653,1.75458350208446,-0.511424908284773,0.373496358832494,-1.67475273574859,1.81330245888822,207.264138261421,207.264138261421,3.05454545454545
0.199172458397406,1.75150925363855,-0.510352609574427,0.366910892984008,-1.676456931287,1.81535210545776,209.962705531663,209.962705531663,3.1030303030303
0.193127805844983,1.74842098345614,-0.509247861385299,0.360305095128148,-1.67818930195503,1.817417558125,211.633809552403,211.633809552403,3.15151515151515
0.187083342567041,1.74533461588254,-0.508116239675166,0.353712311309818,-1.67994136253511,1.81948830447616,212.206590789194,212.206590789194,3.2
0.181064942612587,1.74226387629773,-0.506963040656569,0.347161022103321,-1.68170547682091,1.82155517921317,212.206590789194,212.206590789194,3.24848484848485
0.175077016025087,1.73921149729736,-0.505789759942616,0.340656176326815,-1.68348006279171,1.82361633185671,212.206590789194,212.206590789194,3.2969696969697
0.169118525402423,1.73617741160825,-0.504596861781695,0.334196769061408,-1.68526511809736,1.82567178578334,212.206590789194,212.206590789194,3.34545454545455
0.163188469914557,1.73316155408858,-0.503384794761528,0.327781829300568,-1.68706063895697,1.82772156139193,212.206590789194,212.206590789194,3.39393939393939
0.157285883519027,1.73016386166125,-0.502153992588724,0.321410418268092,-1.68886662024433,1.82976567626256,212.206590789194,212.206590789194,3.44242424242424
0.151409833285916,1.72718427325037,-0.500904874821162,0.315081627839148,-1.69068305556758,1.83180414530478,212.206590789194,212.206590789194,3.49090909090909
0.145559417824182,1.72422272972078,-0.499637847556682,0.308794579056726,-1.69250993734347,1.83383698089585,212.206590789194,212.206590789194,3.53939393939394
0.139733765801941,1.72127917382033,-0.498353304081204,0.302548420736531,-1.6943472568667,1.83586419300977,212.206590789194,212.206590789194,3.58787878787879
0.133932034553952,1.71835355012476,-0.497051625479184,0.296342328153915,-1.69619500437469,1.83788578933778,212.206590789194,212.206590789194,3.63636363636364
0.128153408770065,1.71544580498507,-0.49573318120906,0.290175501807002,-1.69805316910805,1.83990177540094,212.206590789194,212.206590789194,3.68484848484849
0.122397099258972,1.71255588647724,-0.494398329646093,0.284047166250623,-1.69992173936724,1.84191215465534,212.206590789194,212.206590789194,3.73333333333333
0.116662341782014,1.70968374435398,-0.493047418594868,0.277956568996161,-1.70180070256552,1.84391692859053,212.206590789194,212.206590789194,3.78181818181818
0.110948395952252,1.70682932999866,-0.491680785773482,0.271902979472746,-1.70369004527856,1.84591609682151,212.206590789194,212.206590789194,3.83030303030303
0.105254544194381,1.7039925963811,-0.49029875927133,0.265885688045662,-1.70558975329088,1.84790965717492,212.206590789194,212.206590789194,3.87878787878788
0.0995800907614117,1.7011734980152,-0.488901657982219,0.259904005088108,-1.70749981163948,1.84989760576954,212.206590789194,212.206590789194,3.92727272727273
0.0939243608043658,1.69837199091824,-0.487489792014432,0.253957260102784,-1.70942020465462,1.85187993709184,212.206590789194,212.206590789194,3.97575757575758
0.0882866994915228,1.69558803257183,-0.486063463079212,0.248044800890036,-1.7113509159982,1.85385664406655,212.206590789194,212.206590789194,4.02424242424242
0.0826664711740143,1.69282158188441,-0.48462296485906,0.242165992759548,-1.71329192869972,1.85582771812282,212.206590789194,212.206590789194,4.07272727272727
0.0770630585948036,1.69007259915513,-0.483168583357103,0.23632021778278,-1.71524322519006,1.85779314925614,212.206590789194,212.206590789194,4.12121212121212
0.0714758621383123,1.68734104603918,-0.481700597228712,0.23050687408358,-1.71720478733324,1.85975292608635,212.206590789194,212.206590789194,4.16969696969697
0.0659042991181484,1.68462688551434,-0.480219278096474,0.224725375164575,-1.71917659645616,1.86170703591187,212.206590789194,212.206590789194,4.21818181818182
0.0604153922600673,1.68178366171805,-0.480030992362086,0.218902145474217,-1.72099399756481,1.86361902762675,212.206590789194,212.206590789194,4.26666666666667
0.0553004015167457,1.67817781905809,-0.486894600446505,0.212720045048716,-1.72194551810201,1.8653324163886,212.206590789194,212.206590789194,4.31515151515152
0.0507906359729709,1.67330319426626,-0.505888901321934,0.205911704065356,-1.72144315677701,1.86669521284011,212.206590789194,212.206590789194,4.36363636363636
0.0469765871962209,1.6669582744114,-0.540200912168218,0.198322748429065,-1.7191756913683,1.86754039115915,212.206590789194,212.206590789194,4.41212121212121
0.0438126189758059,1.65923771464739,-0.591402653073464,0.189891362115715,-1.71506941958305,1.86764152168906,212.206590789194,212.206590789194,4.46060606060606
0.0411347307456277,1.65049431693878,-0.659680032404287,0.180633233546055,-1.70925109436471,1.86670929779688,212.206590789194,212.206590789194,4.50909090909091
0.0386930249041902,1.64126826642206,-0.744012287177376,0.170632206371594,-1.70201076087462,1.86443137723568,212.206590789194,212.206590789194,4.55757575757576
0.0361966207564085,1.63218924296371,-0.842316573314223,0.160034157520772,-1.69376054441293,1.86054415838936,212.206590789194,212.206590789194,4.60606060606061
0.0333649081545281,1.62386532377543,-0.951583032343469,0.14903972136843,-1.68498722511067,1.85491561104433,212.206590789194,212.206590789194,4.65454545454545
0.02997582779779,1.61677900019999,-1.06802967318088,0.137891209971624,-1.67620064172105,1.84761406584707,212.206590789194,212.206590789194,4.7030303030303
0.0259011096225363,1.61121152682373,-1.18730184638685,0.126850978116375,-1.66788346350273,1.8389405774539,212.206590789194,212.206590789194,4.75151515151515
0.0211211567066402,1.60721052736958,-1.30472830679802,0.116172469079686,-1.6604486492289,1.82941240919625,212.206590789194,212.206590789194,4.8
0.0157176235381768,1.60460465365854,-1.41562901608983,0.10606978627643,-1.6542095020652,1.81969959526537,212.206590789194,212.206590789194,4.84848484848485
0.0098473684209599,1.60305785301958,-1.51565557445032,0.0966941945677835,-1.64936518627012,1.81052999646693,212.206590789194,212.206590789194,4.8969696969697
0.0037052365467938,1.60214824615089,-1.60113912694099,0.0881243178905734,-1.64600229951455,1.80258526022785,212.206590789194,212.206590789194,4.94545454545455
-0.00251569173621345,1.60145387948635,-1.66942427848427,0.0803712537153043,-1.64410977416619,1.79640811955262,212.206590789194,212.206590789194,4.99393939393939
-0.00865865197988182,1.60062878533435,-1.71917777309932,0.073393188636097,-1.64359990327664,1.79233249300272,212.206590789194,212.206590789194,5.04242424242424
-0.0146268553961448,1.59945644489589,-1.75067165661235,0.0671098433144138,-1.64432455270819,1.7904371485857,212.206590789194,212.206590789194,5.09090909090909
-0.0203931353421733,1.59787298759057,-1.76604732595444,0.061407233038169,-1.64607554977642,1.79051667144761,212.206590789194,212.206590789194,5.13939393939394
-0.0259955138076554,1.59595923717399,-1.76956784568706,0.0561277051850526,-1.64856352825234,1.79206229200509,212.206590789194,212.206590789194,5.18787878787879
-0.0315218908668534,1.59391420730074,-1.76778917491261,0.0510512674137047,-1.65138192582946,1.79417535092459,212.206590789194,212.206590789194,5.23636363636364
-0.0370549894798665,1.59217809867077,-1.76612606787353,0.0460499325549951,-1.65411450733266,1.79270771800043,212.206590789194,212.206590789194,5.28484848484849
-0.0426215477898581,1.59133649121204,-1.76588171292013,0.0411949855211904,-1.65651590439956,1.78068943298206,212.206590789194,212.206590789194,5.33333333333333
-0.0482094960526745,1.59183305641215,-1.76771345153835,0.0365988395700373,-1.65844570566607,1.7532257585096,212.206590789194,212.206590789194,5.38181818181818
-0.0537575168314211,1.59400555232784,-1.77197610922085,0.0324517929722338,-1.65987665731215,1.70760283152327,212.206590789194,212.206590789194,5.43030303030303
-0.0591535401194816,1.59811669361573,-1.77874159351554,0.0290436028036645,-1.66090380054575,1.64303556423622,212.206590789194,212.206590789194,5.47878787878788
-0.0642491160183345,1.60434532131493,-1.78781247217981,0.026737770819539,-1.66173652418659,1.56041879988353,212.206590789194,212.206590789194,5.52727272727273
-0.0688871058588158,1.61274415130382,-1.79873922050915,0.0259017741458153,-1.6626693849307,1.4620710406632,212.206590789194,212.206590789194,5.57575757575758
-0.0729364032604159,1.62318512270708,-1.81085689714971,0.0268109187627101,-1.66403210660721,1.3514548890817,212.206590789194,212.206590789194,5.62424242424242
-0.0763257412265794,1.63532116822735,-1.82335507502821,0.0295539571046181,-1.66612561538474,1.23286143693012,212.206590789194,212.206590789194,5.67272727272727
-0.0790687985342595,1.64859016460281,-1.83538324061871,0.033971476281558,-1.66915776277342,1.11105880272272,212.206590789194,212.206590789194,5.72121212121212
-0.0812745130031211,1.66227189823202,-1.84617639801218,0.0396497241643786,-1.67319586132282,0.990923527005899,212.206590789194,212.206590789194,5.76969696969697
-0.0831393506201168,1.6755872173969,-1.85517079086229,0.0459742130969825,-1.67815005862991,0.877088097875743,212.206590789194,212.206590789194,5.81818181818182
-0.0849219025761584,1.68781052912154,-1.86207646394329,0.0522268788429464,-1.68379206372754,0.773638911231571,212.206590789194,212.206590789194,5.86666666666667
-0.0869041428568063,1.69836227364553,-1.86688536417363,0.0576979839388439,-1.68980228958698,0.683883830274686,212.206590789194,212.206590789194,5.91515151515152
-0.0893470022175823,1.70685952489587,-1.86981588463205,0.0617850395116297,-1.69583110032573,0.610184322786463,212.206590789194,212.206590789194,5.96363636363636
-0.0924491344572154,1.71312376870389,-1.87121664459546,0.0640632854550059,-1.70155962705306,0.5538259673281,212.206590789194,212.206590789194,6.01212121212121
-0.0963160170457165,1.71716397255438,-1.87146449310896,0.0643275654213332,-1.70675072443046,0.514891585531005,212.206590789194,212.206590789194,6.06060606060606
-0.100942695348793,1.71916155963357,-1.8708909840978,0.0626157792588489,-1.7112866164229,0.492104422161889,212.206590789194,212.206590789194,6.10909090909091
-0.106209577697179,1.71947952133271,-1.86976027193605,0.0592260005776137,-1.71519337337141,0.482620668245528,212.206590789194,212.206590789194,6.15757575757576
-0.111888010954985,1.71870387617479,-1.86830310984261,0.0547347077775328,-1.71865378273852,0.481767696276366,212.206590789194,212.206590789194,6.20606060606061
-0.11767938812541,1.71762386977593,-1.86676248748044,0.0499353909676123,-1.72197757309735,0.483381479081504,212.206590789194,212.206590789194,6.25454545454545
-0.123466831027984,1.71656096692804,-1.86523426841962,0.0451487669148022,-1.72529676326197,0.484989894217279,212.206590789194,212.206590789194,6.3030303030303
-0.129249496873745,1.7155177562832,-1.86371929477115,0.0403771872651294,-1.72861238635556,0.486571165128349,212.206590789194,212.206590789194,6.35151515151515
-0.135027559764255,1.71449395813458,-1.86221755105351,0.0356201615365544,-1.73192428072775,0.488125383149416,212.206590789194,212.206590789194,6.4
-0.140801190592696,1.71348929648074,-1.8607290215557,0.030877205591928,-1.7352322856767,0.489652635653823,212.206590789194,212.206590789194,6.44848484848485
-0.146570557176325,1.71250349890444,-1.85925369032694,0.0261478414146128,-1.73853624138149,0.491153006114456,212.206590789194,212.206590789194,6.4969696969697
-0.152335824383784,1.71153629645582,-1.85779154116641,0.021431596891884,-1.74183598883629,0.492626574162256,212.206590789194,212.206590789194,6.54545454545455
-0.158097154257521,1.71058742353986,-1.8563425576134,0.0167280056057371,-1.74513136978618,0.494073415642443,212.206590789194,212.206590789194,6.59393939393939
-0.163854706131561,1.70965661780784,-1.85490672293755,0.0120366066307659,-1.7484222266646,0.495493602668557,212.206590789194,212.206590789194,6.64242424242424
-0.169608636744855,1.7087436200527,-1.85348402012935,0.00735694433877805,-1.75170840253237,0.496887203674411,212.206590789194,212.206590789194,6.69090909090909
-0.17535910035042,1.70784817410796,-1.85207443189078,0.00268856820984248,-1.75498974101806,0.498254283464052,212.206590789194,212.206590789194,6.73939393939394
-0.18110624882048,1.70697002675026,-1.85067794062624,-0.00196896735052017,-1.75826608625984,0.499594903259799,212.206590789194,212.206590789194,6.78787878787879
-0.186850231747787,1.70610892760513,-1.84929452843357,-0.0066161031882867,-1.76153728284862,0.500909120748468,212.206590789194,212.206590789194,6.83636363636364
-0.192591196543327,1.70526462905607,-1.8479241770953,-0.0112532755722745,-1.76480317577243,0.502196990125832,212.206590789194,212.206590789194,6.88484848484848
-0.198329288530563,1.70443688615653,-1.84656686807004,-0.0158809163601321,-1.76806361036203,0.503458562139422,212.206590789194,212.206590789194,6.93333333333333
-0.204064651036389,1.70362545654494,-1.84522258248405,-0.0204994531592092,-1.77131843223764,0.504693884129707,212.206590789194,212.206590789194,6.98181818181818
-0.209797425478958,1.70283010036243,-1.843891301123,-0.0251093094825311,-1.77456748725679,0.505903000069745,212.206590789194,212.206590789194,7.03030303030303
-0.215527751452518,1.70205058017326,-1.8425730044238,-0.0297109049000843,-1.77781062146316,0.507085950603364,212.206590789194,212.206590789194,7.07878787878788
-0.221255766809409,1.70128666088771,-1.84126767246664,-0.0343046551856224,-1.7810476810365,0.508242773081922,212.206590789194,212.206590789194,7.12727272727273
-0.226981607739356,1.70053810968756,-1.83997528496718,-0.0388909724591741,-1.78427851224335,0.509373501599727,212.206590789194,212.206590789194,7.17575757575758
-0.232705408846174,1.69980469595369,-1.83869582126879,-0.0434702653254386,-1.78750296138885,0.510478167028149,212.206590789194,212.206590789194,7.22424242424242
-0.23842730322202,1.69908619119609,-1.83742926033504,-0.0480429390082427,-1.79072087476922,0.511556797048497,212.206590789194,212.206590789194,7.27272727272727
-0.244147422519305,1.69838236898586,-1.83617558074217,-0.0526093954812165,-1.79393209862521,0.5126094161837,212.206590789194,212.206590789194,7.32121212121212
-0.249865897020374,1.69769300488935,-1.83493476067181,-0.0571700335948519,-1.79713647909624,0.513636045828854,212.206590789194,212.206590789194,7.36969696969697
-0.255582855705056,1.69701787640416,-1.83370677790371,-0.0617252492000827,-1.8003338621753,0.514636704280662,212.206590789194,212.206590789194,7.41818181818182
-0.261298426316205,1.69635676289708,-1.83249160980864,-0.0662754352685365,-1.8035240936646,0.515611406765839,212.206590789194,212.206590789194,7.46666666666667
-0.267012735423298,1.69570944554378,-1.83128923334134,-0.0708209820095849,-1.80670701913183,0.516560165468498,212.206590789194,212.206590789194,7.51515151515152
-0.272725908484212,1.69507570727021,-1.83009962503361,-0.0753622769843237,-1.80988248386712,0.517482989556584,212.206590789194,212.206590789194,7.56363636363636
-0.278438069905251,1.69445533269563,-1.82892276098744,-0.0798997052166059,-1.81305033284059,0.518379885207374,212.206590789194,212.206590789194,7.61212121212121
-0.284149343099511,1.69384810807728,-1.82775861686828,-0.0844336493012394,-1.81621041066047,0.519250855632105,212.206590789194,212.206590789194,7.66060606060606
-0.28985985054367,1.69325382125643,-1.82660716789835,-0.0889644895094652,-1.81936256153179,0.520095901099739,212.206590789194,212.206590789194,7.70909090909091
-0.295569713833276,1.69267226160596,-1.82546838885,-0.0934926038918185,-1.82250662921558,0.520915018959932,212.206590789194,212.206590789194,7.75757575757576
-0.301279053736608,1.69210321997932,-1.82434225403924,-0.0980183683784721,-1.82564245698863,0.521708203665215,212.206590789194,212.206590789194,7.80606060606061
-0.306987990247184,1.69154648866075,-1.8232287373192,-0.102542156877166,-1.82876988760361,0.52247544679244,212.206590789194,212.206590789194,7.85454545454545
-0.312696642634989,1.69100186131681,-1.82212781207376,-0.107064341368802,-1.83188876324976,0.523216737063515,212.206590789194,212.206590789194,7.9030303030303
-0.318405129496474,1.69046913294909,-1.82103945121117,-0.111585292000811,-1.83499892551395,0.523932060365449,212.206590789194,212.206590789194,7.95151515151515
-0.324113568803422,1.68994809984814,-1.81996362715777,-0.116105377178349,-1.83810021534216,0.52462139976977,212.206590789194,212.206590789194,8
-0.329822077950696,1.68943855954841,-1.81890031185171,-0.120624963653434,-1.84119247300132,0.525284735551302,212.206590789194,212.206590789194,8.04848484848485
-0.335530773802981,1.68894031078435,-1.81784947673673,-0.125144416612076,-1.84427553804156,0.525922045206367,212.206590789194,212.206590789194,8.0969696969697
-0.341239772740535,1.68845315344744,-1.81681109275601,-0.129664099759481,-1.84734924925877,0.526533303470417,212.206590789194,212.206590789194,8.14545454545454
-0.346949190704032,1.68797688854429,-1.81578513034598,-0.134184375403412,-1.85041344465751,0.527118482335135,212.206590789194,212.206590789194,8.19393939393939
-0.352659143238536,1.68751131815556,-1.81477155943026,-0.138705604535751,-1.85346796141417,0.527677551065024,212.206590789194,212.206590789194,8.24242424242424
-0.35836974553667,1.68705624539585,-1.81377034941353,-0.143228146912346,-1.85651263584051,0.52821047621351,212.206590789194,212.206590789194,8.29090909090909
-0.364081112481015,1.68661147437438,-1.81278146917545,-0.147752361131198,-1.85954730334739,0.5287172216386,212.206590789194,212.206590789194,8.33939393939394
-0.369793358685809,1.68617681015655,-1.81180488706466,-0.152278604709051,-1.86257179840879,0.529197748518083,212.206590789194,212.206590789194,8.38787878787879
-0.38027726177621,1.68519658208704,-1.8099769389647,-0.160783085031698,-1.86633043235772,0.529409930829801,211.633809552403,211.633809552403,8.43636363636364
-0.386000181117079,1.68348571850198,-1.80859877022923,-0.166510588734837,-1.85829129606535,0.526064453978521,209.962705531663,209.962705531663,8.48484848484848
-0.391736636974363,1.67999750117467,-1.80659091748405,-0.17373114495884,-1.83521761064034,0.51765154002081,207.264138261421,207.264138261421,8.53333333333333
-0.397497508615504,1.67443330836281,-1.80375264651633,-0.182317469078786,-1.79493118385817,0.503595532489934,203.608967276127,203.608967276127,8.58181818181818
-0.403297001830284,1.66682439409229,-1.79994474395701,-0.191632191748676,-1.73821754580764,0.48436090625983,199.068052110229,199.068052110229,8.63030303030303
-0.409144266150643,1.65745622626389,-1.79510240679492,-0.200793097116513,-1.66788793550031,0.460994162127734,193.712252298175,193.712252298175,8.67878787878788
-0.415034090638288,1.64678739165236,-1.78925712206985,-0.208940908362472,-1.58779702241215,0.434687337613551,187.612427374413,187.612427374413,8.72727272727273
-0.420941243108512,1.63537489965958,-1.7825511782797,-0.215400816335934,-1.50211163133188,0.406528673223979,180.839436873391,180.839436873391,8.77575757575758
-0.42681879306727,1.6238154874503,-1.77523846444603,-0.219744644348757,-1.41494765206088,0.377467225187034,173.464140329559,173.464140329559,8.82424242424242
-0.432598676803731,1.61270364858926,-1.76767260488315,-0.221820196009324,-1.33030066872225,0.348426095824216,165.557397277364,165.557397277364,8.87272727272727
-0.438193717482512,1.60259708914049,-1.76028209994839,-0.221798375472154,-1.25208663356992,0.320473372618749,157.190067251255,157.190067251255,8.92121212121212
-0.443502564016178,1.59397709269446,-1.75352728343046,-0.220229314123598,-1.18408595541866,0.294948754660549,148.43300978568,148.43300978568,8.96969696969697
-0.448420560057835,1.58719827385092,-1.74783452108002,-0.218028040138563,-1.12963098751852,0.273421565681316,139.357084415087,139.357084415087,9.01818181818182
-0.452858665617868,1.58243388024077,-1.74351241704296,-0.216281004917834,-1.09098954690543,0.257367576174032,130.033150673925,130.033150673925,9.06666666666667
-0.456768221619327,1.57962698956723,-1.74066637116496,-0.215854752989792,-1.0685542388972,0.247580271851653,120.532068096642,120.532068096642,9.11515151515152
-0.460163626482793,1.57844863691891,-1.73913078996475,-0.216983801762336,-1.06006652552243,0.243552488233772,110.924696217687,110.924696217687,9.16363636363636
-0.463134230028673,1.57825333428634,-1.73842868162407,-0.219101708147215,-1.06007390814032,0.243141285598734,101.281894571507,101.281894571507,9.21212121212121
-0.465830962359783,1.57856695755316,-1.73814963446575,-0.219396741306171,-1.06289190546466,0.243118369183328,91.6745226925518,91.6745226925518,9.26060606060606
-0.4683775475737,1.58055673453754,-1.73907603369016,-0.209925785880781,-1.07248960616344,0.241726718468488,82.1734401152689,82.1734401152689,9.30909090909091
-0.470836726708291,1.58526136683497,-1.74189788959589,-0.185204474733981,-1.09330987500994,0.238731501700238,72.849506374107,72.849506374107,9.35757575757576
-0.473220236794694,1.59312642704377,-1.74683308276624,-0.143895016634737,-1.12750752747266,0.235356239173832,63.7735810035143,63.7735810035143,9.40606060606061
-0.47550788403034,1.60411186269429,-1.75370169588812,-0.0878515701256281,-1.17529274919882,0.233926364166871,55.0165235379392,55.0165235379392,9.45454545454546
-0.477674097253773,1.61780210616767,-1.76204577134229,-0.0206558657147822,-1.23521948199711,0.23696761426284,46.6491935118299,46.6491935118299,9.5030303030303
-0.479707119819168,1.63351482477695,-1.7712667051485,0.0537089550313728,-1.30453954815091,0.24632451594681,38.742450459635,38.742450459635,9.55151515151515
-0.481610698390718,1.65039390120189,-1.78074248488371,0.131549364126623,-1.37960523087293,0.262677712661304,31.3671539158026,31.3671539158026,9.6
-0.483390254488882,1.66747757693808,-1.78990250237512,0.209488591448772,-1.45621106122484,0.285427792141064,24.5941634147812,24.5941634147812,9.64848484848485
-0.485033673582215,1.68375381189881,-1.79826204367601,0.284129232082369,-1.52984494353573,0.312748866391211,18.4943384910191,18.4943384910191,9.6969696969697
-0.48649871263816,1.69823111594648,-1.80543301623108,0.351745179072665,-1.59595938181105,0.341742760514557,13.1385386789647,13.1385386789647,9.74545454545455
-0.487717093682154,1.71004737326757,-1.81112998085779,0.40837047253643,-1.65042423871929,0.368820224457942,8.59762351306639,8.59762351306639,9.79393939393939
-0.48861891073805,1.71861535477967,-1.8151893290213,0.450521109752336,-1.69023463013748,0.39047470377309,4.94245252777237,4.94245252777237,9.84242424242424
-0.48916976163431,1.72378256646446,-1.81761405273556,0.476474881356268,-1.71438208269567,0.404394069090453,2.24388525753102,2.24388525753102,9.89090909090909
-0.489404163579471,1.7259784778649,-1.8186401152282,0.487639989112152,-1.7246760440047,0.410511233045644,0.572781236790797,0.572781236790797,9.93939393939394
-0.489441546822863,1.7263312104615,-1.81880473378073,0.489441546822863,-1.7263312104615,0.411505145406015,0,0,9.98787878787879
-0.489441546822863,1.7263312104615,-1.81880473378073,0.489441546822863,-1.7263312104615,0.411505145406015,0.572781236790823,0.572781236790823,10.0363636363636
-0.489441546822863,1.7263312104615,-1.81880473378073,0.489441546822863,-1.7263312104615,0.411505145406015,2.24388525753106,2.24388525753106,10.0848484848485
-0.489441546822862,1.7263312104615,-1.81880473378073,0.489441546822863,-1.7263312104615,0.411505145406015,4.94245252777235,4.94245252777235,10.1333333333333
-0.489441546822863,1.7263312104615,-1.81880473378073,0.489441546822863,-1.7263312104615,0.411505145406015,8.59762351306637,8.59762351306637,10.1818181818182
-0.489441546822863,1.7263312104615,-1.81880473378073,0.489441546822863,-1.7263312104615,0.411505145406015,13.1385386789647,13.1385386789647,10.230303030303
-0.489441546822863,1.7263312104615,-1.81880473378073,0.489441546822863,-1.7263312104615,0.411505145406015,18.4943384910191,18.4943384910191,10.2787878787879
-0.489441546822863,1.7263312104615,-1.81880473378073,0.489441546822863,-1.7263312104615,0.411505145406015,24.5941634147812,24.5941634147812,10.3272727272727
-0.489441546822863,1.7263312104615,-1.81880473378073,0.489441546822863,-1.7263312104615,0.411505145406015,31.3671539158026,31.3671539158026,10.3757575757576
-0.489441546822863,1.7263312104615,-1.81880473378073,0.489441546822863,-1.7263312104615,0.411505145406015,38.7424504596349,38.7424504596349,10.4242424242424
-0.489441546822863,1.7263312104615,-1.81880473378073,0.489441546822863,-1.7263312104615,0.411505145406015,46.6491935118299,46.6491935118299,10.4727272727273
-0.489441546822863,1.7263312104615,-1.81880473378073,0.489441546822863,-1.7263312104615,0.411505145406015,55.0165235379391,55.0165235379391,10.5212121212121
-0.489441546822863,1.7263312104615,-1.81880473378073,0.489441546822863,-1.7263312104615,0.411505145406015,63.7735810035143,63.7735810035143,10.569696969697
-0.489441546822863,1.7263312104615,-1.81880473378073,0.489441546822863,-1.7263312104615,0.411505145406015,72.849506374107,72.849506374107,10.6181818181818
-0.489441546822863,1.7263312104615,-1.81880473378073,0.489441546822863,-1.7263312104615,0.411505145406015,82.173440115269,82.173440115269,10.6666666666667
-0.489441546822863,1.7263312104615,-1.81880473378073,0.489441546822863,-1.7263312104615,0.411505145406015,91.6745226925518,91.6745226925518,10.7151515151515
-0.489441546822863,1.7263312104615,-1.81880473378073,0.489441546822863,-1.7263312104615,0.411505145406015,101.281894571507,101.281894571507,10.7636363636364
-0.489441546822863,1.7263312104615,-1.81880473378073,0.489441546822863,-1.7263312104615,0.411505145406015,110.924696217687,110.924696217687,10.8121212121212
-0.489441546822863,1.7263312104615,-1.81880473378073,0.489441546822863,-1.7263312104615,0.411505145406015,120.532068096642,120.532068096642,10.8606060606061
-0.489441546822863,1.7263312104615,-1.81880473378073,0.489441546822863,-1.7263312104615,0.411505145406015,130.033150673925,130.033150673925,10.9090909090909
-0.489441546822863,1.7263312104615,-1.81880473378073,0.489441546822863,-1.7263312104615,0.411505145406015,139.357084415087,139.357084415087,10.9575757575758
-0.489441546822863,1.7263312104615,-1.81880473378073,0.489441546822863,-1.7263312104615,0.411505145406015,148.433009785679,148.433009785679,11.0060606060606
-0.489441546822863,1.7263312104615,-1.81880473378073,0.489441546822863,-1.7263312104615,0.411505145406015,157.190067251255,157.190067251255,11.0545454545455
-0.489441546822863,1.7263312104615,-1.81880473378073,0.489441546822863,-1.7263312104615,0.411505145406015,165.557397277364,165.557397277364,11.1030303030303
-0.489441546822863,1.7263312104615,-1.81880473378073,0.489441546822863,-1.7263312104615,0.411505145406015,173.464140329559,173.464140329559,11.1515151515152
-0.489441546822863,1.7263312104615,-1.81880473378073,0.489441546822863,-1.7263312104615,0.411505145406015,180.839436873391,180.839436873391,11.2
-0.489441546822863,1.7263312104615,-1.81880473378073,0.489441546822863,-1.7263312104615,0.411505145406015,187.612427374413,187.612427374413,11.2484848484848
-0.489441546822863,1.7263312104615,-1.81880473378073,0.489441546822863,-1.7263312104615,0.411505145406015,193.712252298175,193.712252298175,11.2969696969697
-0.489441546822863,1.7263312104615,-1.81880473378073,0.489441546822863,-1.7263312104615,0.411505145406015,199.068052110229,199.068052110229,11.3454545454545
-0.489441546822863,1.7263312104615,-1.81880473378073,0.489441546822863,-1.7263312104615,0.411505145406015,203.608967276127,203.608967276127,11.3939393939394
-0.489441546822863,1.7263312104615,-1.81880473378073,0.489441546822863,-1.7263312104615,0.411505145406015,207.264138261421,207.264138261421,11.4424242424242
-0.489441546822863,1.7263312104615,-1.81880473378073,0.489441546822863,-1.7263312104615,0.411505145406015,209.962705531663,209.962705531663,11.4909090909091
-0.489441546822863,1.7263312104615,-1.81880473378073,0.489441546822863,-1.7263312104615,0.411505145406015,211.633809552403,211.633809552403,11.5393939393939
-0.489441546822863,1.7263312104615,-1.81880473378073,0.489441546822863,-1.7263312104615,0.411505145406015,212.206590789194,212.206590789194,11.5878787878788
