0.487998675459668,-1.7244429243744,0.319927052213372,-0.489420626943625,1.72597485148315,-2.56987438401443,212.206590789194,212.206590789194,0.0484848484848485
0.479006462740436,-1.71262885355932,0.313861823743554,-0.489291447957284,1.72374609984393,-2.56888456971096,212.206590789194,212.206590789194,0.096969696969697
0.458022180246792,-1.68475704959311,0.299947978705727,-0.48899815007645,1.71849412587944,-2.56651682773657,212.206590789194,212.206590789194,0.145454545454545
0.423916669125359,-1.63859418759462,0.278092411051027,-0.488546450793433,1.70981791658392,-2.56249519556746,212.206590789194,212.206590789194,0.193939393939394
0.378189726697423,-1.57517703689454,0.250396674100412,-0.48799045901995,1.69795533398695,-2.55676899129702,212.206590789194,212.206590789194,0.242424242424242
0.323749640930564,-1.4977926039117,0.220105770442321,-0.48740191472058,1.68359038394107,-2.54947044563874,212.206590789194,212.206590789194,0.290909090909091
0.2637278175331,-1.41086830425769,0.190532542950646,-0.486838342204309,1.66762984456398,-2.54087195292315,212.206590789194,212.206590789194,0.339393939393939
0.200795441025056,-1.31911690740274,0.164393478188535,-0.486325582859581,1.65101666816637,-2.5313459841456,212.206590789194,212.206590789194,0.387878787878788
0.137055462513526,-1.22709065093387,0.14358533679049,-0.48585848436623,1.63461845296889,-2.52133427323773,212.206590789194,212.206590789194,0.436363636363636
0.0743241844639324,-1.13906417203152,0.129174998709497,-0.485414422609597,1.61918635684522,-2.511328351951,212.206590789194,212.206590789194,0.484848484848485
0.0145677427876672,-1.05902774259998,0.121375452737412,-0.484972359704208,1.6053534230335,-2.50185358605926,212.206590789194,212.206590789194,0.533333333333333
-0.0397335859467466,-0.990565128004842,0.119440258917054,-0.484530707803421,1.59363806355482,-2.49344108790842,212.206590789194,212.206590789194,0.581818181818182
-0.0855616436993206,-0.936498580926205,0.121627600504878,-0.484116226291717,1.58442768021184,-2.48657207405398,212.206590789194,212.206590789194,0.63030303030303
-0.119952531119362,-0.898358377880356,0.125528734870756,-0.48377605538084,1.57792879653653,-2.48158937855778,212.206590789194,212.206590789194,0.678787878787879
-0.141228458316115,-0.875851065662137,0.12889082924402,-0.483552369586054,1.57408373789629,-2.47858873729531,212.206590789194,212.206590789194,0.727272727272727
-0.150376730804126,-0.86643332015891,0.130555296810997,-0.483453026061871,1.57247106474615,-2.47731867703679,212.206590789194,212.206590789194,0.775757575757576
-0.151846489015042,-0.864934929150027,0.130834852424671,-0.483436887735497,1.57221423014771,-2.47711578065203,212.206590789194,212.206590789194,0.824242424242424
-0.151765075394166,-0.867245493955128,0.131723988804691,-0.483407165684644,1.57246030744768,-2.47735138113715,212.206590789194,212.206590789194,0.872727272727273
-0.151208375732209,-0.8815988272343,0.137212269252196,-0.483223638845825,1.5739983062009,-2.47881167234427,212.206590789194,212.206590789194,0.921212121212121
-0.149578042722468,-0.915176021139176,0.149832811400469,-0.482801767032027,1.57765631642703,-2.48220392488905,212.206590789194,212.206590789194,0.96969696969697
-0.145984479980871,-0.970324716445313,0.169997562950777,-0.482131752955374,1.58383044655921,-2.48769231644048,212.206590789194,212.206590789194,1.01818181818182
-0.139454299960208,-1.04557367020521,0.196655878934485,-0.481264897999633,1.59253875009043,-2.49498447021042,212.206590789194,212.206590789194,1.06666666666667
-0.129306831628689,-1.13705860200843,0.228210576366254,-0.480289306427332,1.60347530105432,-2.50349321708951,212.206590789194,212.206590789194,1.11515151515152
-0.115338487494997,-1.23986351934262,0.263160893040566,-0.479304710744865,1.61609635299603,-2.51252652920112,212.206590789194,212.206590789194,1.16363636363636
-0.0977831265659323,-1.34885124180581,0.300281567609431,-0.478402973289178,1.62972265094414,-2.52143970967192,212.206590789194,212.206590789194,1.21212121212121
-0.077240971525241,-1.45888837088367,0.338465619592158,-0.477655469636136,1.64361641936567,-2.52971465864579,212.206590789194,212.206590789194,1.26060606060606
-0.0547174767811935,-1.56467467892,0.376414113723087,-0.47710511237758,1.65701499437931,-2.53697629692837,212.206590789194,212.206590789194,1.30909090909091
-0.0317567406290778,-1.6605583518288,0.412330031638679,-0.476760464921753,1.66914343963076,-2.54297863569856,212.206590789194,212.206590789194,1.35757575757576
-0.0104948960354251,-1.74076864072594,0.443816924692855,-0.476593111383833,1.67925460866908,-2.54758855070891,212.206590789194,212.206590789194,1.40606060606061
0.0066482023601125,-1.80039270636737,0.468253125138814,-0.476544685417874,1.68674252371875,-2.55078079716711,212.206590789194,212.206590789194,1.45454545454545
0.0178078166061547,-1.83706840825299,0.483782994187908,-0.476548698202337,1.69133481955839,-2.55264814901898,212.206590789194,212.206590789194,1.5030303030303
0.022757718523216,-1.85283687843545,0.490586667062565,-0.476558598881114,1.69330586180326,-2.55342897385259,212.206590789194,212.206590789194,1.55151515151515
0.0235649655366757,-1.85538044696098,0.491691572319287,-0.476560664010759,1.69362361013486,-2.55355370041084,212.206590789194,212.206590789194,1.6
0.0235679107296229,-1.85537792586612,0.491690386304849,-0.476556616772193,1.69362375882318,-2.55355474559108,212.206590789194,212.206590789194,1.64848484848485
0.0235881644236607,-1.85536058867705,0.491682229887114,-0.476528784582109,1.69362478155364,-2.55356193341757,212.206590789194,212.206590789194,1.6969696969697
0.0236420368879671,-1.85531447411354,0.491660531735995,-0.476454755246119,1.69362750377578,-2.55358105443428,212.206590789194,212.206590789194,1.74545454545455
0.0237447466522222,-1.85522655642622,0.491619151236067,-0.476313619898743,1.69363270135515,-2.55361751833682,212.206590789194,212.206590789194,1.79393939393939
0.0239104162229451,-1.85508475008131,0.491552371272556,-0.476085981989333,1.69364110591108,-2.55367635905031,212.206590789194,212.206590789194,1.84242424242424
0.0241520668427319,-1.85487791553819,0.491454889368875,-0.475753968327286,1.69365341139762,-2.55376224097379,212.206590789194,212.206590789194,1.89090909090909
0.024481612722944,-1.85459586570126,0.49132180785935,-0.475301241341709,1.69367028144811,-2.55387946591671,212.206590789194,212.206590789194,1.93939393939394
0.0249098551622112,-1.85422937266263,0.491148623737829,-0.474713011766141,1.69369235704347,-2.55403198028535,212.206590789194,212.206590789194,1.98787878787879
0.0254464769407464,-1.85377017438698,0.490931218777271,-0.473976051017066,1.69372026410334,-2.55422338211031,212.206590789194,212.206590789194,2.03636363636364
0.0261000373522565,-1.85321098102294,0.490665850465905,-0.473078702596811,1.6937546206366,-2.55445692754105,212.206590789194,212.206590789194,2.08484848484848
0.0268779682001535,-1.85254548055724,0.490349144251676,-0.472010891917655,1.69379604312455,-2.55473553647022,212.206590789194,212.206590789194,2.13333333333333
0.0277865710424346,-1.85176834355799,0.489978087528033,-0.470764134014945,1.6938451518452,-2.5550617969891,212.206590789194,212.206590789194,2.18181818181818
0.028831015920187,-1.85087522678254,0.489550025730889,-0.469331538692376,1.69390257488074,-2.55543796841619,212.206590789194,212.206590789194,2.23030303030303
0.0300153417489362,-1.84986277545235,0.48906266084925,-0.467707812722131,1.69396895058348,-2.55586598268356,212.206590789194,212.206590789194,2.27878787878788
0.0313424584912219,-1.84872862402407,0.488514052581414,-0.465889258805285,1.69404492830698,-2.55634744390925,212.206590789194,212.206590789194,2.32727272727273
0.0328141511644249,-1.84747139531143,0.487902622295778,-0.46387377108289,1.6941311672406,-2.55688362602957,212.206590789194,212.206590789194,2.37575757575758
0.0344310856719521,-1.84609069783788,0.487227159881451,-0.4616608270741,1.69422833321634,-2.55747546841059,212.206590789194,212.206590789194,2.42424242424242
0.0361928163804597,-1.84458712132559,0.486486833500512,-0.45925147600337,1.69433709338842,-2.55812356940469,212.206590789194,212.206590789194,2.47272727272727
0.0380977953030833,-1.84296223025206,0.485681202182109,-0.456648323562606,1.69445810871707,-2.55882817786333,212.206590789194,212.206590789194,2.52121212121212
0.04014338269079,-1.84121855543288,0.484810231130285,-0.453855513234917,1.69459202422096,-2.55958918266247,212.206590789194,212.206590789194,2.56969696969697
0.0423258587829835,-1.83935958361767,0.483874309553616,-0.450878704382896,1.6947394569963,-2.56040610034023,212.206590789194,212.206590789194,2.61818181818182
0.0446404364261484,-1.83738974511629,0.482874270766557,-0.447725047375142,1.69490098203607,-2.56127806098768,212.206590789194,212.206590789194,2.66666666666667
0.0470812742371114,-1.83531439950495,0.48181141426092,-0.444403156088937,1.69507711592008,-2.56220379257287,212.206590789194,212.206590789194,2.71515151515152
0.0496414899664464,-1.83313981949634,0.480687529401537,-0.440923078184052,1.6952682984858,-2.56318160391342,212.206590789194,212.206590789194,2.76363636363636
0.0523131737083691,-1.830873173095,0.479504920363562,-0.437296263592115,1.6954748726314,-2.56420936654599,212.206590789194,212.206590789194,2.81212121212121
0.055087400606332,-1.82852250419861,0.478266431899896,-0.433535531707703,1.69569706244586,-2.56528449576932,212.206590789194,212.206590789194,2.86060606060606
0.0579542427182362,-1.82609671184785,0.476975475505842,-0.429655037801459,1.69593494990671,-2.56640393116246,212.206590789194,212.206590789194,2.90909090909091
0.0609027797310314,-1.82360552837162,0.475636055533693,-0.425670239202639,1.69618845043364,-2.56756411690067,212.206590789194,212.206590789194,2.95757575757576
0.063921108250522,-1.82105949672066,0.474252794802031,-0.421597861819093,1.69645728763533,-2.5687609822084,212.206590789194,212.206590789194,3.00606060606061
0.0669963494369507,-1.81846994733094,0.472830959241838,-0.417455867577819,1.69674096763791,-2.56998992230154,212.206590789194,212.206590789194,3.05454545454545
0.0701146548088114,-1.81584897490775,0.471376481123383,-0.413263423379944,1.69703875343519,-2.57124578018109,212.206590789194,212.206590789194,3.1030303030303
0.0732612100944251,-1.81320941557268,0.469895980412671,-0.409040872171511,1.69734963975379,-2.5725228296463,212.206590789194,212.206590789194,3.15151515151515
0.076420237070985,-1.8105648248673,0.468396783812952,-0.404809706737182,1.69767232897936,-2.57381475989967,212.206590789194,212.206590789194,3.2
0.0795779350622367,-1.80792700249746,0.466885527330748,-0.400588618428937,1.69800552411193,-2.5751158787195,212.206590789194,212.206590789194,3.24848484848485
0.082731625517343,-1.80529838625678,0.465363679948363,-0.396381327639525,1.69834896987443,-2.57642495624115,212.206590789194,212.206590789194,3.2969696969697
0.0858814882128513,-1.80267901546109,0.463831356442638,-0.392187720526659,1.69870269788412,-2.57774192875255,212.206590789194,212.206590789194,3.34545454545455
0.0890276998918386,-1.80006892893122,0.462288669604751,-0.388007685253954,1.6990667391881,-2.57906673291134,212.206590789194,212.206590789194,3.39393939393939
0.0921704343364322,-1.79746816501455,0.460735730294655,-0.383841111944264,1.6994411242791,-2.58039930574298,212.206590789194,212.206590789194,3.44242424242424
0.0953098624382123,-1.79487676160579,0.459172647494001,-0.379687892634275,1.69982588311091,-2.58173958463903,212.206590789194,212.206590789194,3.49090909090909
0.0984461522665624,-1.79229475616713,0.457599528357622,-0.375547921230336,1.70022104511348,-2.58308750735528,212.206590789194,212.206590789194,3.53939393939394
0.101579469135045,-1.78972218574783,0.456016478263595,-0.371421093465463,1.70062663920757,-2.5844430120101,212.206590789194,212.206590789194,3.58787878787879
0.104709975665869,-1.78715908700314,0.454423600861959,-0.367307306857495,1.70104269381914,-2.58580603708273,212.206590789194,212.206590789194,3.63636363636364
0.107837831852513,-1.78460549621268,0.45282099812212,-0.36320646066834,1.70146923689338,-2.5871765214116,212.206590789194,212.206590789194,3.68484848484849
0.110963195120576,-1.78206144929827,0.451208770378986,-0.359118455864296,1.70190629590833,-2.58855440419273,212.206590789194,212.206590789194,3.73333333333333
0.114086220386903,-1.77952698184121,0.449587016377883,-0.355043195077394,1.70235389788836,-2.58993962497812,212.206590789194,212.206590789194,3.78181818181818
0.117207060117056,-1.77700212909907,0.447955833318286,-0.350980582567737,1.70281206941717,-2.59133212367424,212.206590789194,212.206590789194,3.83030303030303
0.120325864381179,-1.77448692602191,0.446315316896406,-0.346930524186797,1.70328083665067,-2.59273184054049,212.206590789194,212.206590789194,3.87878787878788
0.12344278090832,-1.77198140726814,0.444665561346668,-0.342892927341643,1.7037602253294,-2.59413871618771,212.206590789194,212.206590789194,3.92727272727273
0.126557955139253,-1.76948560721978,0.443006659482126,-0.338867700960061,1.70425026079087,-2.59555269157673,212.206590789194,212.206590789194,3.97575757575758
0.129671530277851,-1.76699955999739,0.441338702733839,-0.334854755456548,1.7047509679815,-2.59697370801699,212.206590789194,212.206590789194,4.02424242424242
0.132783647341063,-1.76452329947452,0.439661781189242,-0.330854002699136,1.70526237146837,-2.59840170716509,212.206590789194,212.206590789194,4.07272727272727
0.135894445207546,-1.7620568592917,0.437975983629557,-0.32686535597704,1.70578449545075,-2.59983663102352,212.206590789194,212.206590789194,4.12121212121212
0.139004060664979,-1.75960027287011,0.436281397566259,-0.322888729969081,1.70631736377135,-2.60127842193925,212.206590789194,212.206590789194,4.16969696969697
0.142112628456125,-1.75715357342483,0.434578109276637,-0.318924040712873,1.70686099992739,-2.60272702260254,212.206590789194,212.206590789194,4.21818181818182
0.145136573794544,-1.75453056253251,0.434833598137595,-0.31488598039515,1.70722142145331,-2.60412234015741,212.206590789194,212.206590789194,4.26666666666667
0.147716434295947,-1.75093002776417,0.445737302280417,-0.310405389967721,1.70655871676267,-2.60519645756797,212.206590789194,212.206590789194,4.31515151515152
0.149573970379387,-1.74572790232633,0.475014045322468,-0.305174398430113,1.70417204793898,-2.6056478861118,212.206590789194,212.206590789194,4.36363636363636
0.150617769319312,-1.73871205253646,0.527641880742957,-0.299025277190435,1.69967786734395,-2.60507910209334,212.206590789194,212.206590789194,4.41212121212121
0.150942192335925,-1.73008217136734,0.606289029922254,-0.29191339404898,1.69297097945288,-2.60291275751596,212.206590789194,212.206590789194,4.46060606060606
0.150806473107773,-1.72040797494163,0.711632648280559,-0.283907368658182,1.68419971812411,-2.59841224118345,212.206590789194,212.206590789194,4.50909090909091
0.15058806651724,-1.71053058287278,0.842547938412267,-0.275183919236089,1.6737439771298,-2.59081452993844,212.206590789194,212.206590789194,4.55757575757576
0.150711274739682,-1.70140614784765,0.996201030885345,-0.266019700403768,1.66217846748978,-2.57954376987741,212.206590789194,212.206590789194,4.60606060606061
0.151562642763908,-1.69391517922032,1.16812135238581,-0.256769996868447,1.65021060775661,-2.56443970716913,212.206590789194,212.206590789194,4.65454545454545
0.153413532284044,-1.6886836924981,1.35235338685774,-0.247826077564732,1.63859563190043,-2.54591599844721,212.206590789194,212.206590789194,4.7030303030303
0.156370452244217,-1.68596512784765,1.54177224372142,-0.239551125033887,1.62803977476233,-2.52497566483538,212.206590789194,212.206590789194,4.75151515151515
0.160364134585787,-1.68561095708843,1.72858903893565,-0.232208244238603,1.61910441070367,-2.50305984463657,212.206590789194,212.206590789194,4.8
0.165175458196572,-1.68712761767109,1.90499726107016,-0.225905603380988,1.61212700371605,-2.48177320333353,212.206590789194,212.206590789194,4.84848484848485
0.170487382390793,-1.68979531987787,2.06386026519188,-0.220582513542625,1.60718015543542,-2.46257993446247,212.206590789194,212.206590789194,4.8969696969697
0.175949086170858,-1.69281603523222,2.19933816159063,-0.216043620030947,1.60408812283773,-2.44656994683025,212.206590789194,212.206590789194,4.94545454545455
0.181239304292956,-1.69545926923657,2.30739521779166,-0.212026800038544,1.60250276491439,-2.43435316954682,212.206590789194,212.206590789194,4.99393939393939
0.186118288097285,-1.69718046580323,2.38618955531904,-0.208277927709758,1.60201468162023,-2.42607526143006,212.206590789194,212.206590789194,5.04242424242424
0.190461437670842,-1.69769650109119,2.43639435581767,-0.204607601894043,1.60225729803312,-2.42149547225495,212.206590789194,212.206590789194,5.09090909090909
0.194272126596478,-1.69701389329165,2.4615147347801,-0.200915867030381,1.60296344302274,-2.42005176740027,212.206590789194,212.206590789194,5.13939393939394
0.197675685557087,-1.69541534262797,2.46824596556586,-0.197183179465929,1.60395440646628,-2.42086222400489,212.206590789194,212.206590789194,5.18787878787879
0.200901586209901,-1.69341161334171,2.4667612981795,-0.193430760445542,1.60506803360005,-2.42254963286286,212.206590789194,212.206590789194,5.23636363636364
0.204268383456281,-1.69133906746118,2.4652923569421,-0.189436836300377,1.60591610806981,-2.41882701511653,212.206590789194,212.206590789194,5.28484848484849
0.208064090156919,-1.68912561770928,2.46556222839309,-0.184731632207892,1.60592959641912,-2.3991000890825,212.206590789194,212.206590789194,5.33333333333333
0.212442972657429,-1.68675671350119,2.46845518582584,-0.179050650311082,1.60469827668977,-2.35585395562958,212.206590789194,212.206590789194,5.38181818181818
0.217418415264457,-1.68439266750986,2.47462664611217,-0.172424832416054,1.60200887583771,-2.28476226578981,212.206590789194,212.206590789194,5.43030303030303
0.222869667619851,-1.68241559424928,2.48453775051106,-0.165213612668758,1.59787102929455,-2.1843056700361,212.206590789194,212.206590789194,5.47878787878788
0.228563494434833,-1.6814127191417,2.49840277368009,-0.158084155390293,1.59254451928347,-2.05546466006966,212.206590789194,212.206590789194,5.52727272727273
0.234192840881568,-1.68208187747411,2.51607512068265,-0.151915893601991,1.58654257576906,-1.90145332565372,212.206590789194,212.206590789194,5.57575757575758
0.239430298804936,-1.68506364618058,2.53693339163404,-0.147623568269617,1.5805798651215,-1.72742763481096,212.206590789194,212.206590789194,5.62424242424242
0.24398852133875,-1.69073645665095,2.55984442828537,-0.145925526848865,1.57544926715899,-1.5400947889142,212.206590789194,212.206590789194,5.67272727272727
0.247675268186993,-1.69904481956256,2.58326467304994,-0.147125551505139,1.57184676132192,-1.3471772311621,212.206590789194,212.206590789194,5.72121212121212
0.250430558078591,-1.70943919622968,2.6054903205534,-0.150995068029702,1.57019995972947,-1.15674431515259,212.206590789194,212.206590789194,5.76969696969697
0.252337786681739,-1.72096877398651,2.62499490802644,-0.156812297532799,1.57056714083718,-0.97649613853493,212.206590789194,212.206590789194,5.81818181818182
0.253606765773636,-1.73249789060029,2.64073721484963,-0.163544599752649,1.57264668636786,-0.813127009046688,212.206590789194,212.206590789194,5.86666666666667
0.254531919766015,-1.74295746148261,2.65232265128734,-0.170095329396651,1.57588585098004,-0.671873702191162,212.206590789194,212.206590789194,5.91515151515152
0.255433744190446,-1.75153590170154,2.6599657050504,-0.175521195944693,1.57963701943639,-0.556271344277725,212.206590789194,212.206590789194,5.96363636363636
0.256596429139456,-1.75776158006973,2.6642919275749,-0.179163818737993,1.58330400724043,-0.468049185213018,212.206590789194,212.206590789194,6.01212121212121
0.258216276758386,-1.76149330287828,2.6660811578078,-0.180694979573024,1.58644520003222,-0.407053326946344,212.206590789194,212.206590789194,6.06060606060606
0.260371318015655,-1.76287476503569,2.66606119800673,-0.180111687124905,1.58882928901476,-0.371095798869471,212.206590789194,212.206590789194,6.10909090909091
0.26301444553627,-1.76230790858216,2.6648235245157,-0.177721609592894,1.59045434546738,-0.355674484020685,212.206590789194,212.206590789194,6.15757575757576
0.265985074829074,-1.7604708374095,2.66287539320471,-0.174141819231252,1.59154207723884,-0.353560107543652,212.206590789194,212.206590789194,6.20606060606061
0.269052199700059,-1.75827511312358,2.66072933221371,-0.170224514432916,1.59247665572827,-0.355274711017582,212.206590789194,212.206590789194,6.25454545454545
0.272123688433491,-1.75609033954224,2.65858340799352,-0.166314446316028,1.59342038756804,-0.357020330605468,212.206590789194,212.206590789194,6.3030303030303
0.275198774268421,-1.75391972812807,2.65643937872749,-0.162414563915884,1.59437465784588,-0.358763316424812,212.206590789194,212.206590789194,6.35151515151515
0.278277497102163,-1.75176320144295,2.65429724798926,-0.158524759143123,1.59533939393884,-0.360503617008796,212.206590789194,212.206590789194,6.4
0.281359896361686,-1.74962068319457,2.65215701952176,-0.154644924907885,1.59631452394899,-0.362241181442056,212.206590789194,212.206590789194,6.44848484848485
0.284446011018448,-1.74749209821349,2.65001869723663,-0.150774955090137,1.59729997669058,-0.36397595934822,212.206590789194,212.206590789194,6.4969696969697
0.287535879602913,-1.74537737243069,2.64788228521361,-0.146914744510736,1.59829568167744,-0.365707900877663,212.206590789194,212.206590789194,6.54545454545455
0.290629540218726,-1.74327643285573,2.64574778769998,-0.143064188903171,1.59930156911069,-0.367436956695474,212.206590789194,212.206590789194,6.59393939393939
0.293727030556573,-1.74118920755536,2.64361520910984,-0.139223184885994,1.60031756986667,-0.369163077969614,212.206590789194,212.206590789194,6.64242424242424
0.296828387907752,-1.73911562563275,2.64148455402348,-0.135391629935895,1.60134361548518,-0.370886216359279,212.206590789194,212.206590789194,6.69090909090909
0.299933649177443,-1.73705561720706,2.63935582718667,-0.131569422361408,1.60237963815795,-0.372606324003443,212.206590789194,212.206590789194,6.73939393939394
0.303042850897697,-1.73500911339365,2.63722903350989,-0.127756461277224,1.60342557071739,-0.374323353509583,212.206590789194,212.206590789194,6.78787878787879
0.306156029240169,-1.73297604628462,2.63510417806761,-0.123952646579087,1.60448134662546,-0.376037257942579,212.206590789194,212.206590789194,6.83636363636364
0.309273220028583,-1.73095634892987,2.63298126609749,-0.12015787891927,1.60554689996297,-0.377747990813776,212.206590789194,212.206590789194,6.88484848484848
0.312394458750954,-1.72894995531861,2.6308603029996,-0.11637205968258,1.60662216541887,-0.379455506070211,212.206590789194,212.206590789194,6.93333333333333
0.315519780571569,-1.72695680036127,2.62874129433555,-0.112595090962911,1.60770707827996,-0.381159758083997,212.206590789194,212.206590789194,6.98181818181818
0.318649220342749,-1.72497681987179,2.62662424582772,-0.108826875540292,1.60880157442069,-0.38286070164185,212.206590789194,212.206590789194,7.03030303030303
0.321782812616378,-1.72300995055042,2.62450916335834,-0.105067316858441,1.60990559029315,-0.384558291934767,212.206590789194,212.206590789194,7.07878787878788
0.324920591655235,-1.72105612996677,2.62239605296865,-0.101316319002788,1.61101906291737,-0.386252484547832,212.206590789194,212.206590789194,7.12727272727273
0.328062591444115,-1.71911529654337,2.62028492085798,-0.0975737866789632,1.61214192987169,-0.387943235450168,212.206590789194,212.206590789194,7.17575757575758
0.331208845700765,-1.71718738953953,2.6181757733829,-0.0938396251917266,1.61327412928335,-0.389630500985006,212.206590789194,212.206590789194,7.22424242424242
0.334359387886625,-1.71527234903555,2.61606861705623,-0.0901137404243283,1.61441559981932,-0.391314237859882,212.206590789194,212.206590789194,7.27272727272727
0.337514251217398,-1.71337011591737,2.61396345854616,-0.0863960388182833,1.6155662806772,-0.39299440313695,212.206590789194,212.206590789194,7.32121212121212
0.340673468673447,-1.71148063186141,2.61186030467529,-0.0826864273535463,1.61672611157635,-0.394670954223411,212.206590789194,212.206590789194,7.36969696969697
0.343837073010033,-1.70960383931991,2.60975916241967,-0.0789848135290719,1.61789503274917,-0.396343848862048,212.206590789194,212.206590789194,7.41818181818182
0.347005096767385,-1.70773968150646,2.60766003890786,-0.0752911053437477,1.61907298493255,-0.398013045121864,212.206590789194,212.206590789194,7.46666666666667
0.350177572280638,-1.70588810238193,2.60556294141991,-0.0716052112776858,1.62025990935943,-0.399678501388826,212.206590789194,212.206590789194,7.51515151515152
0.353354531689613,-1.70404904664066,2.60346787738646,-0.0679270402738629,1.62145574775053,-0.401340176356702,212.206590789194,212.206590789194,7.56363636363636
0.356536006948464,-1.70222245969695,2.60137485438764,-0.0642565017200904,1.62266044230625,-0.402998029017982,212.206590789194,212.206590789194,7.61212121212121
0.359722029835206,-1.70040828767185,2.59928388015219,-0.0605935054313127,1.62387393569867,-0.404652018654901,212.206590789194,212.206590789194,7.66060606060606
0.362912631961097,-1.69860647738027,2.59719496255635,-0.0569379616322082,1.62509617106368,-0.406302104830534,212.206590789194,212.206590789194,7.70909090909091
0.366107844779924,-1.69681697631828,2.59510810962293,-0.0532897809400946,1.62632709199326,-0.407948247379977,212.206590789194,212.206590789194,7.75757575757576
0.369307699597159,-1.69503973265078,2.59302332952025,-0.0496488743481204,1.62756664252787,-0.409590406401601,212.206590789194,212.206590789194,7.80606060606061
0.372512227579016,-1.69327469519929,2.59094063056113,-0.046015153208732,1.62881476714899,-0.411228542248384,212.206590789194,212.206590789194,7.85454545454545
0.375721459761403,-1.6915218134302,2.58886002120189,-0.0423885292174094,1.63007141077173,-0.4128626155193,212.206590789194,212.206590789194,7.9030303030303
0.378935427058778,-1.68978103744304,2.58678151004128,-0.0387689143966544,1.63133651873757,-0.414492587050791,212.206590789194,212.206590789194,7.95151515151515
0.382154160272915,-1.68805231795917,2.58470510581946,-0.0351562210802298,1.63261003680723,-0.416118417908285,212.206590789194,212.206590789194,8
0.385377690101575,-1.6863356063106,2.58263081741699,-0.0315503618976302,1.63389191115361,-0.417740069377783,212.206590789194,212.206590789194,8.04848484848485
0.388606047147107,-1.68463085442909,2.58055865385377,-0.0279512497587833,1.63518208835487,-0.419357502957498,212.206590789194,212.206590789194,8.0969696969697
0.391839261924959,-1.68293801483547,2.57848862428798,-0.0243587978389663,1.63648051538755,-0.420970680349543,212.206590789194,212.206590789194,8.14545454545454
0.395077364872126,-1.68125704062913,2.57642073801507,-0.0207729195639315,1.63778713961987,-0.422579563451676,212.206590789194,212.206590789194,8.19393939393939
0.398320386355522,-1.67958788547779,2.57435500446672,-0.0171935285952326,1.63910190880503,-0.424184114349084,212.206590789194,212.206590789194,8.24242424242424
0.401568356680294,-1.67793050360745,2.57229143320976,-0.0136205388157409,1.64042477107464,-0.425784295306212,212.206590789194,212.206590789194,8.29090909090909
0.404821306098073,-1.6762848497925,2.57023003394513,-0.0100538643153433,1.64175567493226,-0.427380068758634,212.206590789194,212.206590789194,8.33939393939394
0.408079264815167,-1.67465087934611,2.56817081650686,-0.00649341937681792,1.64309456924697,-0.428971397304958,212.206590789194,212.206590789194,8.38787878787879
0.414031437819309,-1.67144933681731,2.56432124323765,0.000128670728640007,1.64357538078471,-0.431143962944424,211.633809552403,211.633809552403,8.43636363636364
0.417382493071102,-1.66822945239603,2.56157603416234,0.00466800607456995,1.63257782934562,-0.428281877125354,209.962705531663,209.962705531663,8.48484848484848
0.420853728820257,-1.66282150745258,2.55784261265233,0.0104227584644398,1.6047914493125,-0.419410331886217,207.264138261421,207.264138261421,8.53333333333333
0.424482276909118,-1.65491883524679,2.55286829878698,0.0171600744322318,1.55787530540202,-0.4037328077215,203.608967276127,203.608967276127,8.58181818181818
0.428294693562956,-1.64467400339502,2.54653547864179,0.0240898883164299,1.49285818101722,-0.381590573291356,199.068052110229,199.068052110229,8.63030303030303
0.432301026413594,-1.63257913010244,2.53886214528735,0.0301169325616003,1.41301384936067,-0.353934445330965,193.712252298175,193.712252298175,8.67878787878788
0.436488616571456,-1.61932422925209,2.53000448613429,0.0341132730569521,1.32268011607276,-0.321833348354298,187.612427374413,187.612427374413,8.72727272727273
0.440820198936284,-1.60566899326669,2.52024797315413,0.0350938218367506,1.22640350553423,-0.28620395960939,180.839436873391,180.839436873391,8.77575757575758
0.445235567301724,-1.59235128954838,2.50998723857374,0.0323125897754859,1.12855859047984,-0.247803632374711,173.464140329559,173.464140329559,8.82424242424242
0.44965361297201,-1.58003090270621,2.49969979195605,0.0253773335433261,1.03334440383274,-0.207442235022869,165.557397277364,165.557397277364,8.87272727272727
0.453972922223103,-1.56924844091699,2.48991128703151,0.0144714099106521,0.944925107067233,-0.166346305819192,157.190067251255,157.190067251255,8.92121212121212
0.458072534704582,-1.56038043865367,2.48114249524078,0.000673844297969104,0.867453330008462,-0.126559564457316,148.43300978568,148.43300978568,8.96969696969697
0.461818679146818,-1.55359347049231,2.47383319665835,-0.0138322859694777,0.804762156132728,-0.0911126969565511,139.357084415087,139.357084415087,9.01818181818182
0.465086203963085,-1.54882581162989,2.46825620867944,-0.0260834922240632,0.75963862401662,-0.0635311507766087,130.033150673925,130.033150673925,9.06666666666667
0.467798469844709,-1.54581986284689,2.4644472679449,-0.0334747826567726,0.732797200311734,-0.0464371409471891,120.532068096642,120.532068096642,9.11515151515152
0.469972677783484,-1.54417453138013,2.46216259755467,-0.0352531277705495,0.721868882426571,-0.0397852179579796,110.924696217687,110.924696217687,9.16363636363636
0.471745631423915,-1.54334269939229,2.46084897869183,-0.0332837802225508,0.720724753748805,-0.0398854443790478,101.281894571507,101.281894571507,9.21212121212121
0.473306507017233,-1.54305008094055,2.460096772329,-0.0319683297447872,0.723575385041124,-0.0412744774601232,91.6745226925518,91.6745226925518,9.26060606060606
0.474659835960249,-1.54456824663226,2.46097052410621,-0.037003900241767,0.737774357505229,-0.0431069611391108,82.1734401152689,82.1734401152689,9.30909090909091
0.475762300845448,-1.54897940338575,2.4643579046224,-0.0517201562167953,0.770276808175381,-0.0462397059405522,72.849506374107,72.849506374107,9.35757575757576
0.47657936109551,-1.55674054307025,2.47048854883959,-0.0765360068747673,0.823695278148443,-0.0521320117338233,63.7735810035143,63.7735810035143,9.40606060606061
0.477100804997364,-1.5678104695667,2.47905288518546,-0.109887324629879,0.897091949705808,-0.0624533512855223,55.0165235379392,55.0165235379392,9.45454545454546
0.477358807063303,-1.58178389813608,2.48939947761512,-0.149541022737913,0.98706053389999,-0.078376530389582,46.6491935118299,46.6491935118299,9.5030303030303
0.477427527927111,-1.59801131242505,2.50074332491061,-0.193478339852076,1.08887654636985,-0.100228908990613,38.742450459635,38.742450459635,9.55151515151515
0.477403378742062,-1.61568912027865,2.51231981736579,-0.240099794365943,1.19734109780969,-0.127558363118984,31.3671539158026,31.3671539158026,9.6
0.477378888791793,-1.63390898653054,2.52345991258248,-0.287979867629233,1.30711466586568,-0.159278768099801,24.5941634147812,24.5941634147812,9.64848484848485
0.477420068835446,-1.65167176500643,2.53360468926148,-0.335448033197153,1.41266094182836,-0.193666552319793,18.4943384910191,18.4943384910191,9.6969696969697
0.477550763340533,-1.66790260492093,2.54229847740971,-0.380210900326578,1.50815734427528,-0.22824186005902,13.1385386789647,13.1385386789647,9.74545454545455
0.477747624355701,-1.68152750177551,2.54919592530259,-0.41926710286238,1.58779873638502,-0.259789919344543,8.59762351306639,8.59762351306639,9.79393939393939
0.477952511447448,-1.69166024157024,2.55409917216254,-0.449420304981586,1.64679146251601,-0.284880856560615,4.94245252777237,4.94245252777237,9.84242424242424
0.478104213772711,-1.69788791157463,2.55702030383348,-0.468498341240217,1.6829682228174,-0.301042790084312,2.24388525753102,2.24388525753102,9.89090909090909
0.478174890030144,-1.70056340340941,2.55825434363112,-0.476833949293025,1.69849253025972,-0.308167110003624,0.572781236790797,0.572781236790797,9.93939393939394
0.478186438805716,-1.70099489518466,2.55845225690448,-0.478186438805716,1.70099489518466,-0.309326283805695,0,0,9.98787878787879
0.478186438805716,-1.70099489518466,2.55845225690448,-0.478186438805716,1.70099489518466,-0.309326283805695,0.572781236790823,0.572781236790823,10.0363636363636
0.478186438805716,-1.70099489518466,2.55845225690448,-0.478186438805716,1.70099489518466,-0.309326283805695,2.24388525753106,2.24388525753106,10.0848484848485
0.478186438805716,-1.70099489518466,2.55845225690448,-0.478186438805716,1.70099489518466,-0.309326283805695,4.94245252777235,4.94245252777235,10.1333333333333
0.478186438805716,-1.70099489518466,2.55845225690448,-0.478186438805716,1.70099489518466,-0.309326283805695,8.59762351306637,8.59762351306637,10.1818181818182
0.478186438805716,-1.70099489518466,2.55845225690448,-0.478186438805716,1.70099489518466,-0.309326283805695,13.1385386789647,13.1385386789647,10.230303030303
0.478186438805716,-1.70099489518466,2.55845225690448,-0.478186438805716,1.70099489518466,-0.309326283805696,18.4943384910191,18.4943384910191,10.2787878787879
0.478186438805716,-1.70099489518466,2.55845225690448,-0.478186438805716,1.70099489518466,-0.309326283805695,24.5941634147812,24.5941634147812,10.3272727272727
0.478186438805716,-1.70099489518466,2.55845225690448,-0.478186438805716,1.70099489518466,-0.309326283805695,31.3671539158026,31.3671539158026,10.3757575757576
0.478186438805716,-1.70099489518466,2.55845225690448,-0.478186438805716,1.70099489518466,-0.309326283805695,38.7424504596349,38.7424504596349,10.4242424242424
0.478186438805716,-1.70099489518466,2.55845225690448,-0.478186438805716,1.70099489518466,-0.309326283805695,46.6491935118299,46.6491935118299,10.4727272727273
0.478186438805716,-1.70099489518466,2.55845225690448,-0.478186438805716,1.70099489518466,-0.309326283805695,55.0165235379391,55.0165235379391,10.5212121212121
0.478186438805716,-1.70099489518466,2.55845225690448,-0.478186438805716,1.70099489518466,-0.309326283805695,63.7735810035143,63.7735810035143,10.569696969697
0.478186438805716,-1.70099489518466,2.55845225690448,-0.478186438805716,1.70099489518466,-0.309326283805695,72.849506374107,72.849506374107,10.6181818181818
0.478186438805716,-1.70099489518466,2.55845225690448,-0.478186438805716,1.70099489518466,-0.309326283805695,82.173440115269,82.173440115269,10.6666666666667
0.478186438805716,-1.70099489518466,2.55845225690448,-0.478186438805716,1.70099489518466,-0.309326283805695,91.6745226925518,91.6745226925518,10.7151515151515
0.478186438805716,-1.70099489518466,2.55845225690448,-0.478186438805716,1.70099489518466,-0.309326283805696,101.281894571507,101.281894571507,10.7636363636364
0.478186438805716,-1.70099489518466,2.55845225690448,-0.478186438805716,1.70099489518466,-0.309326283805695,110.924696217687,110.924696217687,10.8121212121212
0.478186438805716,-1.70099489518466,2.55845225690448,-0.478186438805716,1.70099489518466,-0.309326283805695,120.532068096642,120.532068096642,10.8606060606061
0.478186438805716,-1.70099489518466,2.55845225690448,-0.478186438805716,1.70099489518466,-0.309326283805695,130.033150673925,130.033150673925,10.9090909090909
0.478186438805716,-1.70099489518466,2.55845225690448,-0.478186438805716,1.70099489518466,-0.309326283805695,139.357084415087,139.357084415087,10.9575757575758
0.478186438805716,-1.70099489518466,2.55845225690448,-0.478186438805716,1.70099489518466,-0.309326283805695,148.433009785679,148.433009785679,11.0060606060606
0.478186438805716,-1.70099489518466,2.55845225690448,-0.478186438805716,1.70099489518466,-0.309326283805695,157.190067251255,157.190067251255,11.0545454545455
0.478186438805716,-1.70099489518466,2.55845225690448,-0.478186438805716,1.70099489518466,-0.309326283805695,165.557397277364,165.557397277364,11.1030303030303
0.478186438805716,-1.70099489518466,2.55845225690448,-0.478186438805716,1.70099489518466,-0.309326283805695,173.464140329559,173.464140329559,11.1515151515152
0.478186438805716,-1.70099489518466,2.55845225690448,-0.478186438805716,1.70099489518466,-0.309326283805695,180.839436873391,180.839436873391,11.2
0.478186438805716,-1.70099489518466,2.55845225690448,-0.478186438805716,1.70099489518466,-0.309326283805695,187.612427374413,187.612427374413,11.2484848484848
0.478186438805716,-1.70099489518466,2.55845225690448,-0.478186438805716,1.70099489518466,-0.309326283805695,193.712252298175,193.712252298175,11.2969696969697
0.478186438805716,-1.70099489518466,2.55845225690448,-0.478186438805716,1.70099489518466,-0.309326283805695,199.068052110229,199.068052110229,11.3454545454545
0.478186438805716,-1.70099489518466,2.55845225690448,-0.478186438805716,1.70099489518466,-0.309326283805695,203.608967276127,203.608967276127,11.3939393939394
0.478186438805716,-1.70099489518466,2.55845225690448,-0.478186438805716,1.70099489518466,-0.309326283805696,207.264138261421,207.264138261421,11.4424242424242
0.478186438805716,-1.70099489518466,2.55845225690448,-0.478186438805716,1.70099489518466,-0.309326283805695,209.962705531663,209.962705531663,11.4909090909091
0.478186438805716,-1.70099489518466,2.55845225690448,-0.478186438805716,1.70099489518466,-0.309326283805695,211.633809552403,211.633809552403,11.5393939393939
0.478186438805716,-1.70099489518466,2.55845225690448,-0.478186438805716,1.70099489518466,-0.309326283805695,212.206590789194,212.206590789194,11.5878787878788
